"LENS TYPE (CLEAR, COLOUR)",BRAND,COMFORT,PRODUCT,LEAD_TIME,WEARING_HOURS,"MODALITY (1 Day, 2 Weeks, 1 Month, 3 Months)",,"VISION (SPH, ASTIG, MF)",PHOTO,AXIS MF DESC,ASTIG DESCRIPTION,,FULL NAME,2 BOX,,,4 BOX,,,8 BOX,,,PROMO,PRICE 1 BOX (RM),PIECES IN 1 BOX,SUPPLY,1 BOX PRICE & UNIT,MATERIAL
CLEAR,JOHNSON & JOHNSON,PREMIUM,ACUVUE MOIST,3,12,1 Day, 1 day disposable,SPH,1,C-0.00,"S+0.50, S+0.75, S+1.00, S+1.25, S+1.50, S+1.75, S+2.00, S+2.25, S+2.50, S+2.75, S+3.00, S+3.25, S+3.50, S+3.75, S+4.00, S+4.25, S+4.50, S+4.75, S+5.00, S+5.25, S+5.50, S+5.75, S+6.00, S-0.50, S-0.75, S-1.00, S-1.25, S-1.50, S-1.75, S-2.00, S-2.25, S-2.50, S-2.75, S-3.00, S-3.25, S-3.50, S-3.75, S-4.00, S-4.25, S-4.50, S-4.75, S-5.00, S-5.25, S-5.50, S-5.75, S-6.00, S-6.50, S-7.00, S-7.50, S-8.00, S-8.50, S-9.00, S-9.50, S-10.00, S-10.50, S-11.00, S-11.50, S-12.00",Sphere,"JOHNSON & JOHNSON ACUVUE MOIST , 1 Day Sphere",10,5,160,60,15,150,200,25,140,,165,30,15,30 pieces of 1 day disposable,HYDROGEL
CLEAR,JOHNSON & JOHNSON,PREMIUM,ACUVUE MOIST,3,12,1 Day, 1 day disposable,MF,2,"+LOW, +MED, +HIGH","S-0.00, S-0.25, S-0.50, S-0.75, S-1.00, S-1.25, S-1.50, S-1.75, S-2.00, S-2.25, S-2.50, S-2.75, S-3.00, S-3.25, S-3.50, S-3.75, S-4.00, S-4.25, S-4.50, S-4.75, S-5.00, S-5.25, S-5.50, S-5.75, S-6.00, S-6.25, S-6.50, S-6.75, S-7.00, S-7.25, S-7.50, S-7.75, S-8.00, S-8.25, S-8.50, S-8.75, S-9.00, S+0.25, S+0.50, S+0.75, S+1.00, S+1.25, S+1.50, S+1.75, S+2.00, S+2.25, S+2.50, S+2.75, S+3.00, S+3.25, S+3.50, S+3.75, S+4.00, S+4.25, S+4.50, S+4.75, S+5.00, S+5.25, S+5.50, S+5.75, S+6.00",Multi-focal,"JOHNSON & JOHNSON ACUVUE MOIST , 1 Day Multi-focal",10,5,250,120,30,225,320,40,215,"Buy 2 packs, get 5 extra pieces free. (Max 10 pieces) *While Stock Last",255,30,15,30 pieces of 1 day disposable,HYDROGEL
CLEAR,JOHNSON & JOHNSON,PREMIUM,ACUVUE MOIST,3,12,1 Day, 1 day disposable,ASTIG,3,"C-0.75, C-1.25, C-1.75 ; X20, X70, X90, X110, X160, X180","S+0.25, S+0.50, S+0.75, S+1.00, S+1.25, S+1.50, S+1.75, S+2.00, S+2.25, S+2.50, S+2.75, S+3.00, S+3.25, S+3.50, S+3.75, S+4.00",Astigmatism,"JOHNSON & JOHNSON ACUVUE MOIST , 1 Day Astigmatism",10,5,200,40,10,195,160,20,185,"Buy 2 packs, get 5 extra pieces free. (Max 10 pieces) *While Stock Last",205,30,15,30 pieces of 1 day disposable,HYDROGEL
CLEAR,JOHNSON & JOHNSON,PREMIUM,ACUVUE MOIST,3,12,1 Day, 1 day disposable,ASTIG,3,"C-0.75, C-1.25, C-1.75 ; X10, X20, X60, X70, X80, X90, X100, X110, X120, X160, X170, X180","S-0.00, S-0.25, S-0.50, S-0.75, S-1.00, S-1.25, S-1.50, S-1.75, S-2.00, S-2.25, S-2.50, S-2.75, S-3.00, S-3.25, S-3.50, S-3.75, S-4.00, S-4.25, S-4.50, S-4.75, S-5.00, S-5.25, S-5.50, S-5.75, S-6.00",Astigmatism,"JOHNSON & JOHNSON ACUVUE MOIST , 1 Day Astigmatism",10,5,200,40,10,195,160,20,185,"Buy 2 packs, get 5 extra pieces free. (Max 10 pieces) *While Stock Last",205,30,15,30 pieces of 1 day disposable,HYDROGEL
CLEAR,JOHNSON & JOHNSON,PREMIUM,ACUVUE MOIST,3,12,1 Day, 1 day disposable,ASTIG,3,"C-2.25 ; X20, X90, X160, X180","S-0.00, S-0.25, S-0.50, S-0.75, S-1.00, S-1.25, S-1.50, S-1.75, S-2.00, S-2.25, S-2.50, S-2.75, S-3.00, S-3.25, S-3.50, S-3.75, S-4.00, S-4.25, S-4.50, S-4.75, S-5.00, S-5.25, S-5.50, S-5.75, S-6.00",Astigmatism,"JOHNSON & JOHNSON ACUVUE MOIST , 1 Day Astigmatism",10,5,200,40,10,195,160,20,185,"Buy 2 packs, get 5 extra pieces free. (Max 10 pieces) *While Stock Last",205,30,15,30 pieces of 1 day disposable,HYDROGEL
CLEAR,JOHNSON & JOHNSON,PREMIUM,ACUVUE MOIST,3,12,1 Day, 1 day disposable,ASTIG,3,"C-0.75, C-1.25, C-1.75 ; X10, X20, X70, X80, X90, X100, X110, X160, X170, X180","S-6.50, S-7.00, S-7.50, S-8.00, S-8.50, S-9.00",Astigmatism,"JOHNSON & JOHNSON ACUVUE MOIST , 1 Day Astigmatism",10,5,200,40,10,195,160,20,185,"Buy 2 packs, get 5 extra pieces free. (Max 10 pieces) *While Stock Last",205,30,15,30 pieces of 1 day disposable,HYDROGEL
CLEAR,JOHNSON & JOHNSON,PREMIUM,ACUVUE VITA,3,12,1 Month, 1 month disposable,SPH,4,C-0.00,"S+0.50, S+0.75, S+1.00, S+1.25, S+1.50, S+1.75, S+2.00, S+2.25, S+2.50, S+2.75, S+3.00, S+3.25, S+3.50, S+3.75, S+4.00, S+4.25, S+4.50, S+4.75, S+5.00, S+5.25, S+5.50, S+5.75, S+6.00, S-0.50, S-0.75, S-1.00, S-1.25, S-1.50, S-1.75, S-2.00, S-2.25, S-2.50, S-2.75, S-3.00, S-3.25, S-3.50, S-3.75, S-4.00, S-4.25, S-4.50, S-4.75, S-5.00, S-5.25, S-5.50, S-5.75, S-6.00, S-6.50, S-7.00, S-7.50, S-8.00, S-8.50, S-9.00, S-9.50, S-10.00, S-10.50, S-11.00, S-11.50, S-12.00, S+6.50, S+7.00, S+7.50, S+8.00",Sphere,"JOHNSON & JOHNSON ACUVUE VITA , 1 Month Sphere",10,5,195,140,35,165,320,40,160,"Buy 2 packs, get 1 extra pieces free. (Max 2 pieces) *While Stock Last",200,6,90,6 pieces of 1 month disposable,SILICONE HYDROGEL
CLEAR,JOHNSON & JOHNSON,PREMIUM,ACUVUE VITA,3,12,1 Month, 1 month disposable,ASTIG,5,"C-0.75, C-1.25, C-1.75 ; X10, X20, X30, X40, X50, X60, X70, X80, X90, X100, X110, X120, X130, X140, X150, X160, X170, X180","S-0.00, S-0.25, S-0.50, S-0.75, S-1.00, S-1.25, S-1.50, S-1.75, S-2.00, S-2.25, S-2.50, S-2.75, S-3.00, S-3.25, S-3.50, S-3.75, S-4.00, S-4.25, S-4.50, S-4.75, S-5.00, S-5.25, S-5.50, S-5.75, S-6.00",Astigmatism,"JOHNSON & JOHNSON ACUVUE VITA , 1 Month Astigmatism",10,5,250,160,40,215,360,45,210,"Buy 2 packs, get 1 extra pieces free. (Max 2 pieces) *While Stock Last",255,6,90,6 pieces of 1 month disposable,SILICONE HYDROGEL
CLEAR,JOHNSON & JOHNSON,PREMIUM,ACUVUE VITA,3,12,1 Month, 1 month disposable,ASTIG,5,"C-2.25 ; X10, X20, X70, X80, X90, X100, X110, X160, X170, X180","S-0.00, S-0.25, S-0.50, S-0.75, S-1.00, S-1.25, S-1.50, S-1.75, S-2.00, S-2.25, S-2.50, S-2.75, S-3.00, S-3.25, S-3.50, S-3.75, S-4.00, S-4.25, S-4.50, S-4.75, S-5.00, S-5.25, S-5.50, S-5.75, S-6.00",Astigmatism,"JOHNSON & JOHNSON ACUVUE VITA , 1 Month Astigmatism",10,5,250,160,40,215,360,45,210,"Buy 2 packs, get 1 extra pieces free. (Max 2 pieces) *While Stock Last",255,6,90,6 pieces of 1 month disposable,SILICONE HYDROGEL
CLEAR,JOHNSON & JOHNSON,PREMIUM,ACUVUE VITA,3,12,1 Month, 1 month disposable,ASTIG,5,"C-0.75, C-1.25, C-1.75 ; X10, X20, X70, X80, X90, X100, X110, X160, X170, X180","S-6.50, S-7.00, S-7.50, S-8.00, S-8.50, S-9.00, S+0.25, S+0.50, S+0.75, S+1.00, S+1.25, S+1.50, S+1.75, S+2.00, S+2.25, S+2.50, S+2.75, S+3.00, S+3.25, S+3.50, S+3.75, S+4.00",Astigmatism,"JOHNSON & JOHNSON ACUVUE VITA , 1 Month Astigmatism",10,5,250,160,40,215,360,45,210,"Buy 2 packs, get 1 extra pieces free. (Max 2 pieces) *While Stock Last",255,6,90,6 pieces of 1 month disposable,SILICONE HYDROGEL
CLEAR,JOHNSON & JOHNSON,PREMIUM,ACUVUE OASYS HYDRACLEAR,3,12,2 Weeks, 2 weeks disposable,SPH,6,C-0.00,"S+0.50, S+0.75, S+1.00, S+1.25, S+1.50, S+1.75, S+2.00, S+2.25, S+2.50, S+2.75, S+3.00, S+3.25, S+3.50, S+3.75, S+4.00, S+4.25, S+4.50, S+4.75, S+5.00, S+5.25, S+5.50, S+5.75, S+6.00, S-0.50, S-0.75, S-1.00, S-1.25, S-1.50, S-1.75, S-2.00, S-2.25, S-2.50, S-2.75, S-3.00, S-3.25, S-3.50, S-3.75, S-4.00, S-4.25, S-4.50, S-4.75, S-5.00, S-5.25, S-5.50, S-5.75, S-6.00, S-6.50, S-7.00, S-7.50, S-8.00, S-8.50, S-9.00, S-9.50, S-10.00, S-10.50, S-11.00, S-11.50, S-12.00, S+6.50, S+7.00, S+7.50, S+8.00",Sphere,"JOHNSON & JOHNSON ACUVUE OASYS HYDRACLEAR , 2 Weeks Sphere",10,5,150,60,15,140,160,20,135,"Buy 2 packs, get 1 extra pieces free. (Max 2 pieces) *While Stock Last",155,6,45,6 pieces of 2 weeks disposable,SILICONE HYDROGEL
CLEAR,JOHNSON & JOHNSON,PREMIUM,ACUVUE OASYS HYDRACLEAR,3,12,2 Weeks, 2 weeks disposable,ASTIG,7,"C-0.75, C-1.25, C-1.75 ; X10, X20, X70, X80, X90, X100, X110, X160, X170, X180","S+0.25, S+0.50, S+0.75, S+1.00, S+1.25, S+1.50, S+1.75, S+2.00, S+2.25, S+2.50, S+2.75, S+3.00, S+3.25, S+3.50, S+3.75, S+4.00, S+4.25, S+4.50, S+4.75, S+5.00, S+5.25, S+5.50, S+5.75, S+6.00",Astigmatism,"JOHNSON & JOHNSON ACUVUE OASYS HYDRACLEAR , 2 Weeks Astigmatism",10,5,200,100,25,180,240,30,175,"Buy 2 packs, get 1 extra pieces free. (Max 2 pieces) *While Stock Last",205,6,45,6 pieces of 2 weeks disposable,SILICONE HYDROGEL
CLEAR,JOHNSON & JOHNSON,PREMIUM,ACUVUE OASYS HYDRACLEAR,3,12,2 Weeks, 2 weeks disposable,ASTIG,7,"C-0.75, C-1.25, C-175 ; X10, X20, X30, X40, X50, X60, X70, X80, X90, X100, X110, X120, X130, X140, X150, X160, X170, X180","S-0.00, S-0.25, S-0.50, S-0.75, S-1.00, S-1.25, S-1.50, S-1.75, S-2.00, S-2.25, S-2.50, S-2.75, S-3.00, S-3.25, S-3.50, S-3.75, S-4.00, S-4.25, S-4.50, S-4.75, S-5.00, S-5.25, S-5.50, S-5.75, S-6.00",Astigmatism,"JOHNSON & JOHNSON ACUVUE OASYS HYDRACLEAR , 2 Weeks Astigmatism",10,5,200,100,25,180,240,30,175,"Buy 2 packs, get 1 extra pieces free. (Max 2 pieces) *While Stock Last",205,6,45,6 pieces of 2 weeks disposable,SILICONE HYDROGEL
CLEAR,JOHNSON & JOHNSON,PREMIUM,ACUVUE OASYS HYDRACLEAR,3,12,2 Weeks, 2 weeks disposable,ASTIG,7,"C-2.25, C-2.75 ; X10, X20, X70, X80, X90, X100, X110, X160, X170, X180","S-0.00, S-0.25, S-0.50, S-0.75, S-1.00, S-1.25, S-1.50, S-1.75, S-2.00, S-2.25, S-2.50, S-2.75, S-3.00, S-3.25, S-3.50, S-3.75, S-4.00, S-4.25, S-4.50, S-4.75, S-5.00, S-5.25, S-5.50, S-5.75, S-6.00",Astigmatism,"JOHNSON & JOHNSON ACUVUE OASYS HYDRACLEAR , 2 Weeks Astigmatism",10,5,200,100,25,180,240,30,175,"Buy 2 packs, get 1 extra pieces free. (Max 2 pieces) *While Stock Last",205,6,45,6 pieces of 2 weeks disposable,SILICONE HYDROGEL
CLEAR,JOHNSON & JOHNSON,PREMIUM,ACUVUE OASYS HYDRACLEAR,3,12,2 Weeks, 2 weeks disposable,ASTIG,7,"C-0.75, C-1.25 ; X10, X20, X30, X40, X50, X60, X70, X80, X90, X100, X110, X120, X130, X140, X150, X160, X170, X180","S-6.50, S-7.00, S-7.50, S-8.00, S-8.50, S-9.00",Astigmatism,"JOHNSON & JOHNSON ACUVUE OASYS HYDRACLEAR , 2 Weeks Astigmatism",10,5,200,100,25,180,240,30,175,"Buy 2 packs, get 1 extra pieces free. (Max 2 pieces) *While Stock Last",205,6,45,6 pieces of 2 weeks disposable,SILICONE HYDROGEL
CLEAR,JOHNSON & JOHNSON,PREMIUM,ACUVUE OASYS HYDRACLEAR,3,12,2 Weeks, 2 weeks disposable,ASTIG,7,"C-1.75, C-2.25, C-2.75 ; X10, X20, X160, X170, X180","S-6.50, S-7.00, S-7.50, S-8.00, S-8.50, S-9.00",Astigmatism,"JOHNSON & JOHNSON ACUVUE OASYS HYDRACLEAR , 2 Weeks Astigmatism",10,5,200,100,25,180,240,30,175,"Buy 2 packs, get 1 extra pieces free. (Max 2 pieces) *While Stock Last",205,6,45,6 pieces of 2 weeks disposable,SILICONE HYDROGEL
CLEAR,JOHNSON & JOHNSON,PREMIUM,ACUVUE OASYS HYDRALUXE,3,16,1 Day, 1 day disposable,SPH,8,C-0.00,"S-0.50, S-0.75, S-1.00, S-1.25, S-1.50, S-1.75, S-2.00, S-2.25, S-2.50, S-2.75, S-3.00, S-3.25, S-3.50, S-3.75, S-4.00, S-4.25, S-4.50, S-4.75, S-5.00, S-5.25, S-5.50, S-5.75, S-6.00, S-6.50, S-7.00, S-7.50, S-8.00, S-8.50, S-9.00, S-9.50, S-10.00, S-10.50, S-11.00, S-11.50, S-12.00",Sphere,"JOHNSON & JOHNSON ACUVUE OASYS HYDRALUXE , 1 Day Sphere",10,5,215,100,25,195,320,40,180,"Buy 2 packs, get 5 extra pieces free. (Max 10 pieces) *While Stock Last",220,30,15,30 pieces of 1 day disposable,SILICONE HYDROGEL
CLEAR,JOHNSON & JOHNSON,PREMIUM,ACUVUE OASYS HYDRALUXE,3,16,1 Day, 1 day disposable,ASTIG,9,"C-0.75, C-1.25, C-1.75 ; X10, X20, X70, X80, X90, X100, X110, X160, X170, X180","S+0.25, S+0.50, S+0.75, S+1.00, S+1.25, S+1.50, S+1.75, S+2.00, S+2.25, S+2.50, S+2.75, S+3.00, S+3.25, S+3.50, S+3.75, S+4.00",Astigmatism,"JOHNSON & JOHNSON ACUVUE OASYS HYDRALUXE , 1 Day Astigmatism",10,5,240,120,30,215,360,45,200,"Buy 2 packs, get 5 extra pieces free. (Max 10 pieces) *While Stock Last",245,30,15,30 pieces of 1 day disposable,SILICONE HYDROGEL
CLEAR,JOHNSON & JOHNSON,PREMIUM,ACUVUE OASYS HYDRALUXE,3,16,1 Day, 1 day disposable,ASTIG,9,"C-0.75, C-1.25, C-175 ; X10, X20, X30, X40, X50, X60, X70, X80, X90, X100, X110, X120, X130, X140, X150, X160, X170, X180","S-0.00, S-0.25, S-0.50, S-0.75, S-1.00, S-1.25, S-1.50, S-1.75, S-2.00, S-2.25, S-2.50, S-2.75, S-3.00, S-3.25, S-3.50, S-3.75, S-4.00, S-4.25, S-4.50, S-4.75, S-5.00, S-5.25, S-5.50, S-5.75, S-6.00",Astigmatism,"JOHNSON & JOHNSON ACUVUE OASYS HYDRALUXE , 1 Day Astigmatism",10,5,240,120,30,215,360,45,200,"Buy 2 packs, get 5 extra pieces free. (Max 10 pieces) *While Stock Last",245,30,15,30 pieces of 1 day disposable,SILICONE HYDROGEL
CLEAR,JOHNSON & JOHNSON,PREMIUM,ACUVUE OASYS HYDRALUXE,3,16,1 Day, 1 day disposable,ASTIG,9,"C-2.25 ; X10, X20, X70, X80, X90, X100, X110, X160, X170, X180","S-0.00, S-0.25, S-0.50, S-0.75, S-1.00, S-1.25, S-1.50, S-1.75, S-2.00, S-2.25, S-2.50, S-2.75, S-3.00, S-3.25, S-3.50, S-3.75, S-4.00, S-4.25, S-4.50, S-4.75, S-5.00, S-5.25, S-5.50, S-5.75, S-6.00",Astigmatism,"JOHNSON & JOHNSON ACUVUE OASYS HYDRALUXE , 1 Day Astigmatism",10,5,240,120,30,215,360,45,200,"Buy 2 packs, get 5 extra pieces free. (Max 10 pieces) *While Stock Last",245,30,15,30 pieces of 1 day disposable,SILICONE HYDROGEL
CLEAR,JOHNSON & JOHNSON,PREMIUM,ACUVUE OASYS HYDRALUXE,3,16,1 Day, 1 day disposable,ASTIG,9,"C-0.75, C-1.25, C-1.75 ; X10, X20, X70, X80, X90, X100, X110, X160, X170, X180","S-6.50, S-7.00, S-7.50, S-8.00, S-8.50, S-9.00",Astigmatism,"JOHNSON & JOHNSON ACUVUE OASYS HYDRALUXE , 1 Day Astigmatism",10,5,240,120,30,215,360,45,200,"Buy 2 packs, get 5 extra pieces free. (Max 10 pieces) *While Stock Last",245,30,15,30 pieces of 1 day disposable,SILICONE HYDROGEL
CLEAR,ALCON,GOOD,AIR OPTIX HYDRAGLYDE,3,10,1 Month, 1 month disposable,MF,10,"+LOW, +MED, +HIGH","S+0.50, S+0.75, S+1.00, S+1.25, S+1.50, S+1.75, S+2.00, S+2.25, S+2.50, S+2.75, S+3.00, S+3.25, S+3.50, S+3.75, S+4.00, S+4.25, S+4.50, S+4.75, S+5.00, S+5.25, S+5.50, S+5.75, S+6.00, S+6.50, S+7.00, S+7.50, S+8.00, S-0.50, S-0.75, S-1.00, S-1.25, S-1.50, S-1.75, S-2.00, S-2.25, S-2.50, S-2.75, S-3.00, S-3.25, S-3.50, S-3.75, S-4.00, S-4.25, S-4.50, S-4.75, S-5.00, S-5.25, S-5.50, S-5.75, S-6.00, S-6.50, S-7.00, S-7.50, S-8.00, S-8.50, S-9.00, S-9.50, S-10.00, S-10.50, S-11.00, S-11.50, S-12.00",Multi-focal,"ALCON AIR OPTIX HYDRAGLYDE , 1 Month Multi-focal",10,5,,40,10,,120,15,,,225,3,45,3 pieces of 1 month disposable,SILICONE HYDROGEL
CLEAR,ALCON,PREMIUM,TOTAL 30,3,12,1 Month, 1 month disposable,SPH,11,C-0.00,"S+0.50, S+0.75, S+1.00, S+1.25, S+1.50, S+1.75, S+2.00, S+2.25, S+2.50, S+2.75, S+3.00, S+3.25, S+3.50, S+3.75, S+4.00, S+4.25, S+4.50, S+4.75, S+5.00, S+5.25, S+5.50, S+5.75, S+6.00, S+6.50, S+7.00, S+7.50, S+8.00, S-0.50, S-0.75, S-1.00, S-1.25, S-1.50, S-1.75, S-2.00, S-2.25, S-2.50, S-2.75, S-3.00, S-3.25, S-3.50, S-3.75, S-4.00, S-4.25, S-4.50, S-4.75, S-5.00, S-5.25, S-5.50, S-5.75, S-6.00, S-6.50, S-7.00, S-7.50, S-8.00, S-8.50, S-9.00, S-9.50, S-10.00, S-10.50, S-11.00, S-11.50, S-12.00",Sphere,"ALCON TOTAL 30 , 1 Month Sphere",10,5,,60,15,,160,20,,Scan Alcon QR for more Promo,145,3,45,3 pieces of 1 month disposable,SILICONE HYDROGEL
CLEAR,ALCON,PREMIUM,AIR OPTIX NIGHT & DAY,3,10,1 Month, 1 month disposable,SPH,12,C-0.00,"S+6.00, S+5.75, S+5.50, S+5.25, S+5.00, S+4.75, S+4.50, S+4.25, S+4.00, S+3.75, S+3.50, S+3.25, S+3.00, S+2.75, S+2.50, S+2.25, S+2.00, S+1.75, S+1.50, S+1.25, S+1.00, S+0.75, S+0.50, S+0.25, S0.00, S-0.25, S-0.50, S-0.75, S-1.00, S-1.25, S-1.50, S-1.75, S-2.00, S-2.25, S-2.50, S-2.75, S-3.00, S-3.25, S-3.50, S-3.75, S-4.00, S-4.25, S-4.50, S-4.75, S-5.00, S-5.25, S-5.50, S-5.75, S-6.00, S-6.50, S-7.00, S-7.50, S-8.00, S-8.50, S-9.00, S-9.50, S-10.00",Sphere,"ALCON AIR OPTIX NIGHT & DAY , 1 Month Sphere",10,5,,40,10,,120,15,,,190,3,45,3 pieces of 1 month disposable,SILICONE HYDROGEL
CLEAR,ALCON,PREMIUM,DAILIES TOTAL 1,3,16,1 Day, 1 day disposable,SPH,13,C-0.00,"S+6.00, S+5.75, S+5.50, S+5.25, S+5.00, S+4.75, S+4.50, S+4.25, S+4.00, S+3.75, S+3.50, S+3.25, S+3.00, S+2.75, S+2.50, S+2.25, S+2.00, S+1.75, S+1.50, S+1.25, S+1.00, S+0.75, S+0.50, S+0.25, S0.00, S-0.25, S-0.50, S-0.75, S-1.00, S-1.25, S-1.50, S-1.75, S-2.00, S-2.25, S-2.50, S-2.75, S-3.00, S-3.25, S-3.50, S-3.75, S-4.00, S-4.25, S-4.50, S-4.75, S-5.00, S-5.25, S-5.50, S-5.75, S-6.00, S-6.50, S-7.00, S-7.50, S-8.00, S-8.50, S-9.00, S-9.50, S-10.00, S-10.50, S-11.00, S-11.50, S-12.00",Sphere,"ALCON DAILIES TOTAL 1 , 1 Day Sphere",40,20,,160,40,,480,60,,Scan Alcon QR for more Promo,220,30,15,30 pieces of 1 day disposable,SILICONE HYDROGEL
CLEAR,ALCON,PREMIUM,DAILIES TOTAL 1,3,16,1 Day, 1 day disposable,ASTIG,14,"C-0.75, C-1.25, C-1.75 ; X10, X20, X70, X80, X90, X100, X110, X160, X170, X180","S+4.00, S+3.75, S+3.50, S+3.25, S+3.00, S+2.75, S+2.50, S+2.25, S+2.00, S+1.75, S+1.50, S+1.25, S+1.00, S+0.75, S+0.50, S+0.25, S-6.50, S-7.00, S-7.50, S-8.00",Astigmatism,"ALCON DAILIES TOTAL 1 , 1 Day Astigmatism",10,5,,40,10,,120,15,,Scan Alcon QR for more Promo,235,30,15,30 pieces of 1 day disposable,SILICONE HYDROGEL
CLEAR,ALCON,PREMIUM,DAILIES TOTAL 1,3,16,1 Day, 1 day disposable,ASTIG,14,"C-2.25 ; X10, X20, X160, X170, X180","S+4.00, S+3.75, S+3.50, S+3.25, S+3.00, S+2.75, S+2.50, S+2.25, S+2.00, S+1.75, S+1.50, S+1.25, S+1.00, S+0.75, S+0.50, S+0.25, S-6.50, S-7.00, S-7.50, S-8.00",Astigmatism,"ALCON DAILIES TOTAL 1 , 1 Day Astigmatism",10,5,,40,10,,120,15,,Scan Alcon QR for more Promo,235,30,15,30 pieces of 1 day disposable,SILICONE HYDROGEL
CLEAR,ALCON,PREMIUM,DAILIES TOTAL 1,3,16,1 Day, 1 day disposable,ASTIG,14,"C-0.75, C-1.25, C-1.75 ; X10, X20, X30, X40, X50, X60, X70, X80, X90, X100, X110, X120, X130, X140, X150, X160, X170, X180","S-0.00, S-0.25, S-0.50, S-0.75, S-1.00, S-1.25, S-1.50, S-1.75, S-2.00, S-2.25, S-2.50, S-2.75, S-3.00, S-3.25, S-3.50, S-3.75, S-4.00, S-4.25, S-4.50, S-4.75, S-5.00, S-5.25, S-5.50, S-5.75, S-6.00",Astigmatism,"ALCON DAILIES TOTAL 1 , 1 Day Astigmatism",10,5,,40,10,,120,15,,Scan Alcon QR for more Promo,235,30,15,30 pieces of 1 day disposable,SILICONE HYDROGEL
CLEAR,ALCON,PREMIUM,DAILIES TOTAL 1,3,16,1 Day, 1 day disposable,ASTIG,14,"C-2.25 ; X10, X20, X70, X80, X90, X100, X110, X160, X170, X180","S-0.00, S-0.25, S-0.50, S-0.75, S-1.00, S-1.25, S-1.50, S-1.75, S-2.00, S-2.25, S-2.50, S-2.75, S-3.00, S-3.25, S-3.50, S-3.75, S-4.00, S-4.25, S-4.50, S-4.75, S-5.00, S-5.25, S-5.50, S-5.75, S-6.00",Astigmatism,"ALCON DAILIES TOTAL 1 , 1 Day Astigmatism",10,5,,40,10,,120,15,,Scan Alcon QR for more Promo,235,30,15,30 pieces of 1 day disposable,SILICONE HYDROGEL
CLEAR,ALCON,PREMIUM,DAILIES TOTAL 1,3,16,1 Day, 1 day disposable,MF,15,"+LOW, +MED, +HIGH","S+6.00, S+5.75, S+5.50, S+5.25, S+5.00, S+4.75, S+4.50, S+4.25, S+4.00, S+3.75, S+3.50, S+3.25, S+3.00, S+2.75, S+2.50, S+2.25, S+2.00, S+1.75, S+1.50, S+1.25, S+1.00, S+0.75, S+0.50, S+0.25, S0.00, S-0.25, S-0.50, S-0.75, S-1.00, S-1.25, S-1.50, S-1.75, S-2.00, S-2.25, S-2.50, S-2.75, S-3.00, S-3.25, S-3.50, S-3.75, S-4.00, S-4.25, S-4.50, S-4.75, S-5.00, S-5.25, S-5.50, S-5.75, S-6.00, S-6.50, S-7.00, S-7.50, S-8.00, S-8.50, S-9.00, S-9.50, S-10.00",Multi-focal,"ALCON DAILIES TOTAL 1 , 1 Day Multi-focal",10,5,,80,20,,320,40,,Scan Alcon QR for more Promo,275,30,15,30 pieces of 1 day disposable,SILICONE HYDROGEL
CLEAR,ALCON,GOOD,AIR OPTIX HYDRAGLYDE,3,10,1 Month, 1 month disposable,SPH,16,C-0.00,"S+0.50, S+0.75, S+1.00, S+1.25, S+1.50, S+1.75, S+2.00, S+2.25, S+2.50, S+2.75, S+3.00, S+3.25, S+3.50, S+3.75, S+4.00, S+4.25, S+4.50, S+4.75, S+5.00, S+5.25, S+5.50, S+5.75, S+6.00, S+6.50, S+7.00, S+7.50, S+8.00, S-0.50, S-0.75, S-1.00, S-1.25, S-1.50, S-1.75, S-2.00, S-2.25, S-2.50, S-2.75, S-3.00, S-3.25, S-3.50, S-3.75, S-4.00, S-4.25, S-4.50, S-4.75, S-5.00, S-5.25, S-5.50, S-5.75, S-6.00, S-6.50, S-7.00, S-7.50, S-8.00, S-8.50, S-9.00, S-9.50, S-10.00, S-10.50, S-11.00, S-11.50, S-12.00",Sphere,"ALCON AIR OPTIX HYDRAGLYDE , 1 Month Sphere",10,5,,60,15,,160,20,,,115,3,45,3 pieces of 1 month disposable,SILICONE HYDROGEL
CLEAR,ALCON,GOOD,AIR OPTIX HYDRAGLYDE,3,10,1 Month, 1 month disposable,ASTIG,17,"C-0.75, -C-1.25, C-1.75 ; X10, X20, X70, X80, X90, X100, X110, X160, X170, X180","S+0.25, S+0.50, S+0.75, S+1.00, S+1.25, S+1.50, S+1.75, S+2.00, S+2.25, S+2.50, S+2.75, S+3.00, S+3.25, S+3.50, S+3.75, S+4.00, S+4.25, S+4.50, S+4.75, S+5.00, S+5.25, S+5.50, S+5.75, S+6.00",Astigmatism,"ALCON AIR OPTIX HYDRAGLYDE , 1 Month Astigmatism",10,5,,40,10,,120,15,,,155,3,45,3 pieces of 1 month disposable,SILICONE HYDROGEL
CLEAR,ALCON,GOOD,AIR OPTIX HYDRAGLYDE,3,10,1 Month, 1 month disposable,ASTIG,17,"C-0.75, C-1.25, C-1.75, C-2.25 ; X10, X20, X30, X40, X50, X60, X70, X80, X90, X100, X110, X120, X130, X140, X150, X160, X170, X180","S-0.00, S-0.25, S-0.50, S-0.75, S-1.00, S-1.25, S-1.50, S-1.75, S-2.00, S-2.25, S-2.50, S-2.75, S-3.00, S-3.25, S-3.50, S-3.75, S-4.00, S-4.25, S-4.50, S-4.75, S-5.00, S-5.25, S-5.50, S-5.75, S-6.00",Astigmatism,"ALCON AIR OPTIX HYDRAGLYDE , 1 Month Astigmatism",10,5,,40,10,,120,15,,,155,3,45,3 pieces of 1 month disposable,SILICONE HYDROGEL
CLEAR,ALCON,GOOD,AIR OPTIX HYDRAGLYDE,3,10,1 Month, 1 month disposable,ASTIG,17,"C-1.25, C-1.75 ; X10, X20, X70, X80, X90, X100, X110, X160, X170, X180","S-6.50, S-7.00, S-7.50, S-8.00, S-8.50, S-9.00",Astigmatism,"ALCON AIR OPTIX HYDRAGLYDE , 1 Month Astigmatism",10,5,,40,10,,120,15,,,155,3,45,3 pieces of 1 month disposable,SILICONE HYDROGEL
CLEAR,ALCON,GOOD,AIR OPTIX HYDRAGLYDE,3,10,1 Month, 1 month disposable,ASTIG,17,"C-0.75, C-2.25 ; X20, X90, X160 X180","S-6.50, S-7.00, S-7.50, S-8.00, S-8.50, S-9.00",Astigmatism,"ALCON AIR OPTIX HYDRAGLYDE , 1 Month Astigmatism",10,5,,40,10,,120,15,,,155,3,45,3 pieces of 1 month disposable,SILICONE HYDROGEL
CLEAR,ALCON,GOOD,AIR OPTIX HYDRAGLYDE,3,10,1 Month, 1 month disposable,ASTIG,17,"C-0.75, C-1.25, C-1.75, C-2.25 ; X20, X90, X160 X180","S-9.50, S-10.00",Astigmatism,"ALCON AIR OPTIX HYDRAGLYDE , 1 Month Astigmatism",10,5,,40,10,,120,15,,,155,3,45,3 pieces of 1 month disposable,SILICONE HYDROGEL
CLEAR,ALCON,PREMIUM,PRECISION 1,3,12,1 Day, 1 day disposable,SPH,18,C-0.00,"S+0.50, S+0.75, S+1.00, S+1.25, S+1.50, S+1.75, S+2.00, S+2.25, S+2.50, S+2.75, S+3.00, S+3.25, S+3.50, S+3.75, S+4.00, S+4.25, S+4.50, S+4.75, S+5.00, S+5.25, S+5.50, S+5.75, S+6.00, S+6.50, S+7.00, S+7.50, S+8.00, S-0.50, S-0.75, S-1.00, S-1.25, S-1.50, S-1.75, S-2.00, S-2.25, S-2.50, S-2.75, S-3.00, S-3.25, S-3.50, S-3.75, S-4.00, S-4.25, S-4.50, S-4.75, S-5.00, S-5.25, S-5.50, S-5.75, S-6.00, S-6.50, S-7.00, S-7.50, S-8.00, S-8.50, S-9.00, S-9.50, S-10.00, S-10.50, S-11.00, S-11.50, S-12.00",Sphere,"ALCON PRECISION 1 , 1 Day Sphere",10,5,,60,15,,160,20,,Scan Alcon QR for more Promo,145,30,15,30 pieces of 1 day disposable,SILICONE HYDROGEL
CLEAR,ALCON,PREMIUM,PRECISION 1,3,12,1 Day, 1 day disposable,ASTIG,19,"C-0.75, C-1.25, C-1.75 ; X10, X20, X70, X80, X90, X100, X110, X160, X170, X180","S+4.00, S+3.75, S+3.50, S+3.25, S+3.00, S+2.75, S+2.50, S+2.25, S+2.00, S+1.75, S+1.50, S+1.25, S+1.00, S+0.75, S+0.50, S+0.25, S-6.50, S-7.00, S-7.50, S-8.00",Astigmatism,"ALCON PRECISION 1 , 1 Day Astigmatism",20,10,,60,15,,160,20,,Scan Alcon QR for more Promo,195,30,15,30 pieces of 1 day disposable,SILICONE HYDROGEL
CLEAR,ALCON,PREMIUM,PRECISION 1,3,12,1 Day, 1 day disposable,ASTIG,19,"C-2.25 ; X10, X20, X160, X170, X180","S+4.00, S+3.75, S+3.50, S+3.25, S+3.00, S+2.75, S+2.50, S+2.25, S+2.00, S+1.75, S+1.50, S+1.25, S+1.00, S+0.75, S+0.50, S+0.25, S-6.50, S-7.00, S-7.50, S-8.00",Astigmatism,"ALCON PRECISION 1 , 1 Day Astigmatism",20,10,,60,15,,160,20,,Scan Alcon QR for more Promo,195,30,15,30 pieces of 1 day disposable,SILICONE HYDROGEL
CLEAR,ALCON,PREMIUM,PRECISION 1,3,12,1 Day, 1 day disposable,ASTIG,19,"C-0.75, C-1.25, C-1.75 ; X10, X20, X30, X40, X50, X60, X70, X80, X90, X100, X110, X120, X130, X140, X150, X160, X170, X180","S-0.00, S-0.25, S-0.50, S-0.75, S-1.00, S-1.25, S-1.50, S-1.75, S-2.00, S-2.25, S-2.50, S-2.75, S-3.00, S-3.25, S-3.50, S-3.75, S-4.00, S-4.25, S-4.50, S-4.75, S-5.00, S-5.25, S-5.50, S-5.75, S-6.00",Astigmatism,"ALCON PRECISION 1 , 1 Day Astigmatism",20,10,,60,15,,160,20,,Scan Alcon QR for more Promo,195,30,15,30 pieces of 1 day disposable,SILICONE HYDROGEL
CLEAR,ALCON,PREMIUM,PRECISION 1,3,12,1 Day, 1 day disposable,ASTIG,19,"C-2.25 ; X10, X20, X70, X80, X90, X100, X110, X160, X170, X180","S-0.00, S-0.25, S-0.50, S-0.75, S-1.00, S-1.25, S-1.50, S-1.75, S-2.00, S-2.25, S-2.50, S-2.75, S-3.00, S-3.25, S-3.50, S-3.75, S-4.00, S-4.25, S-4.50, S-4.75, S-5.00, S-5.25, S-5.50, S-5.75, S-6.00",Astigmatism,"ALCON PRECISION 1 , 1 Day Astigmatism",20,10,,60,15,,160,20,,Scan Alcon QR for more Promo,195,30,15,30 pieces of 1 day disposable,SILICONE HYDROGEL
CLEAR,ALCON,PREMIUM,TOTAL 30,3,12,1 Month, 1 month disposable,ASTIG,20,"C-0.75, C-1.25, C-1.75, C-2.25 ; X10, X20, X30, X40, X50, X60, X70, X80, X90, X100, X110, X120, X130, X140, X150, X160, X170, X180","S+0.25, S+0.50, S+0.75, S+1.00, S+1.25, S+1.50, S+1.75, S+2.00, S+2.25, S+2.50, S+2.75, S+3.00, S+3.25, S+3.50, S+3.75, S+4.00, S+4.25, S+4.50, S+4.75, S+5.00, S+5.25, S+5.50, S+5.75, S+6.00, S+6.50, S+7.00, S+7.50, S+8.00, S0.00, S-0.25, S-0.50, S-0.75, S-1.00, S-1.25, S-1.50, S-1.75, S-2.00, S-2.25, S-2.50, S-2.75, S-3.00, S-3.25, S-3.50, S-3.75, S-4.00, S-4.25, S-4.50, S-4.75, S-5.00, S-5.25, S-5.50, S-5.75, S-6.00, S-6.50, S-7.00, S-7.50, S-8.00, S-8.50, S-9.00, S-9.50, S-10.00",Astigmatism,"ALCON TOTAL 30 , 1 Month Astigmatism",10,5,,60,15,,160,20,,Scan Alcon QR for more Promo,170,3,45,3 pieces of 1 month disposable,SILICONE HYDROGEL
CLEAR,BIONICS,GOOD,VITA PEGAVISION,3,10,1 Day, 1 day disposable,SPH,21,C-0.00,"S-1.00, S-1.25, S-1.50, S-1.75, S-2.00, S-2.25, S-2.50, S-2.75, S-3.00, S-3.25, S-3.50, S-3.75, S-4.00, S-4.25, S-4.50, S-4.75, S-5.00, S-5.25, S-5.50, S-6.00, S-6.50, S-7.00, S-7.50, S-8.00, S-8.50, S-9.00, S-9.50, S-10.00",Sphere,"BIONICS VITA PEGAVISION , 1 Day Sphere",10,5,,80,20,,240,30,,,130,30,15,30 pieces of 1 day disposable,HYDROGEL
CLEAR,COOPER VISION,GOOD,BIOFINITY,7,10,1 Month, 1 month disposable,MF,22,C-0.00,"S+2.00, S+1.75, S+1.50, S+1.25, S+1.00, S+0.75, S+0.50, S+0.25, S0.00, S-0.25, S-0.50, S-0.75, S-1.00, S-1.25, S-1.50, S-1.75, S-2.00, S-2.25, S-2.50, S-2.75, S-3.00, S-3.25, S-3.50, S-3.75, S-4.00, S-4.25, S-4.50, S-4.75, S-5.00, S-5.25, S-5.50, S-5.75, S-6.00, S-6.50, S-7.00, S-7.50, S-8.00",Multi-focal,"COOPER VISION BIOFINITY , 1 Month Multi-focal",0,0,,40,10,,160,20,,,175,3,45,3 pieces of 1 month disposable,SILICONE HYDROGEL
CLEAR,COOPER VISION,GOOD,BIOFINITY,7,10,1 Month, 1 month disposable,ASTIG,23,none,none,Astigmatism,"COOPER VISION BIOFINITY , 1 Month Astigmatism",0,0,,40,10,,160,20,,,220,6,90,6 pieces of 1 month disposable,SILICONE HYDROGEL
CLEAR,COOPER VISION,GOOD,CLARITI,7,10,1 Day, 1 day disposable,ASTIG,24,none,none,Astigmatism,"COOPER VISION CLARITI , 1 Day Astigmatism",0,0,,40,10,,160,20,,,150,30,15,30 pieces of 1 day disposable,SILICONE HYDROGEL
CLEAR,COOPER VISION,GOOD,CLARITI,7,10,1 Day, 1 day disposable,MF,25,C-0.00,"S+5.00, S+4.75, S+4.50, S+4.25, S+4.00, S+3.75, S+3.50, S+3.25, S+3.00, S+2.75, S+2.50, S+2.25, S+2.00, S+1.75, S+1.50, S+1.25, S+1.00, S+0.75, S+0.50, S+0.25, S0.00, S-0.25, S-0.50, S-0.75, S-1.00, S-1.25, S-1.50, S-1.75, S-2.00, S-2.25, S-2.50, S-2.75, S-3.00, S-3.25, S-3.50, S-3.75, S-4.00, S-4.25, S-4.50, S-4.75, S-5.00, S-5.25, S-5.50, S-5.75, S-6.00",Multi-focal,"COOPER VISION CLARITI , 1 Day Multi-focal",0,0,,40,10,,160,20,,,195,30,15,30 pieces of 1 day disposable,SILICONE HYDROGEL
CLEAR,SEED,GOOD,FINE UV PLUS 38% WATER,14,8,1 Month, 1 month disposable,SPH,27,C-0.00,"S-0.25, S-0.50, S-0.75, S-1.00, S-1.25, S-1.50, S-1.75, S-2.00, S-2.25, S-2.50, S-2.75, S-3.00, S-3.25, S-3.50, S-3.75, S-4.00, S-4.25, S-4.50, S-4.75, S-5.00, S-5.25, S-5.50, S-5.75, S-6.00, S-6.50, S-7.00, S-7.50, S-8.00",Sphere,"SEED FINE UV PLUS 38% WATER , 1 Month Sphere",10,5,,20,5,,160,20,,,65,3,45,3 pieces of 1 month disposable,HYDROGEL
CLEAR,SEED,GOOD,MONTHLY PURE,3,8,1 Month, 1 month disposable,SPH,28,C-0.00,"S+0.50, S+0.75, S+1.00, S+1.25, S+1.50, S+1.75, S+2.00, S+2.25, S+2.50, S+2.75, S+3.00, S+3.25, S+3.50, S+3.75, S+4.00, S+4.25, S+4.50, S+4.75, S+5.00, S0.00, S-0.50, S-0.75, S-1.00, S-1.25, S-1.50, S-1.75, S-2.00, S-2.25, S-2.50, S-2.75, S-3.00, S-3.25, S-3.50, S-3.75, S-4.00, S-4.25, S-4.50, S-4.75, S-5.00, S-5.25, S-5.50, S-5.75, S-6.00, S-6.50, S-7.00, S-7.50, S-8.00, S-8.50, S-9.00, S-9.50, S-10.00, S-10.50, S-11.00, S-11.50, S-12.00",Sphere,"SEED MONTHLY PURE , 1 Month Sphere",10,5,,20,5,,160,20,,,90,6,90,6 pieces of 1 month disposable,HYDROGEL
CLEAR,SEED,GOOD,2 WEEKS PURE,14,8,2 Weeks, 2 weeks disposable,SPH,29,C-0.00,"S+0.00, S+0.50, S+0.75, S+1.00, S+1.25, S+1.50, S+1.75, S+2.00, S+2.25, S+2.50, S+2.75, S+3.00, S+3.25, S+3.50, S+3.75, S+4.00, S+4.25, S+4.50, S+4.75, S+5.00, S+5.50, S+6.00, S+6.50, S+7.00, S+7.50, S+8.00, S+8.50, S+9.00, S+9.50, S+10.00, S-0.50, S-0.75, S-1.00, S-1.25, S-1.50, S-1.75, S-2.00, S-2.25, S-2.50, S-2.75, S-3.00, S-3.25, S-3.50, S-3.75, S-4.00, S-4.25, S-4.50, S-4.75, S-5.00, S-5.25, S-5.50, S-5.75, S-6.00, S-6.50, S-7.00, S-7.50, S-8.00, S-8.50, S-9.00, S-9.50, S-10.00, S-10.50, S-11.00, S-11.50, S-12.00, S-12.50, S-13.00, S-13.50, S-14.00, S-14.50, S-15.00, S-15.50, S-16.00",Sphere,"SEED 2 WEEKS PURE , 2 Weeks Sphere",10,5,,20,5,,160,20,,,125,6,45,6 pieces of 2 weeks disposable,HYDROGEL
CLEAR,SEED,GOOD,2 WEEKS PURE MULTI-STAGE,14,8,2 Weeks, 2 weeks disposable,MF,30,C-0.00,"S0.00, S+0.50, S+0.75, S+1.00, S+1.25, S+1.50, S+1.75, S+2.00, S+2.25, S+2.50, S+2.75, S+3.00, S+3.25, S+3.50, S+3.75, S+4.00, S+4.25, S+4.50, S+4.75, S+5.00, S-0.50, S-0.75, S-1.00, S-1.25, S-1.50, S-1.75, S-2.00, S-2.25, S-2.50, S-2.75, S-3.00, S-3.25, S-3.50, S-3.75, S-4.00, S-4.25, S-4.50, S-4.75, S-5.00, S-5.25, S-5.50, S-5.75, S-6.00, S-6.50, S-7.00, S-7.50, S-8.00, S-8.50, S-9.00, S-9.50, S-10.00",Multi-focal,"SEED 2 WEEKS PURE MULTI-STAGE , 2 Weeks Multi-focal",10,5,,20,5,,160,20,,,185,6,45,6 pieces of 2 weeks disposable,HYDROGEL
CLEAR,SEED,GOOD,1 DAY PURE,3,10,1 Day, 1 day disposable,SPH,31,C-0.00,"S+8.00, S+7.50, S+7.00, S+6.50, S+6.00, S+5.50, S+5.00, S+5.25, S+5.50, S0.00, S+0.50, S+0.75, S+1.00, S+1.25, S+1.50, S+1.75, S+2.00, S+2.25, S+2.50, S+2.75, S+3.00, S+3.25, S+3.50, S+3.75, S+4.00, S+4.25, S+4.50, S+4.75, S+5.00, S-0.25, S-0.50, S-0.75, S-1.00, S-1.25, S-1.50, S-1.75, S-2.00, S-2.25, S-2.50, S-2.75, S-3.00, S-3.25, S-3.50, S-3.75, S-4.00, S-4.25, S-4.50, S-4.75, S-5.00, S-5.25, S-5.50, S-5.75, S-6.00, S-6.50, S-7.00, S-7.50, S-8.00, S-8.50, S-9.00, S-9.50, S-10.00, S-10.50, S-11.00, S-11.50, S-12.00, S-12.50, S-13.00, S-13.50, S-14.00, S-14.50, S-15.00, S-15.50, S-16.00",Sphere,"SEED 1 DAY PURE , 1 Day Sphere",10,5,,20,5,,160,20,,,145,32,15,32 pieces of 1 day disposable,HYDROGEL
CLEAR,SEED,GOOD,1 DAY PURE VIEWSUPPORT RELAXER,14,10,1 Day, 1 day disposable,MF,32,C-0.00,"S+5.00, S+4.75, S+4.50, S+4.25, S+4.00, S+3.75, S+3.50, S+3.25, S+3.00, S+2.75, S+2.50, S+2.25, S+2.00, S+1.75, S+1.50, S+1.25, S+1.00, S+0.75, S+0.50, S+0.25, S0.00, S-0.25, S-0.50, S-0.75, S-1.00, S-1.25, S-1.50, S-1.75, S-2.00, S-2.25, S-2.50, S-2.75, S-3.00, S-3.25, S-3.50, S-3.75, S-4.00, S-4.25, S-4.50, S-4.75, S-5.00, S-5.25, S-5.50, S-5.75, S-6.00, S-6.50, S-7.00, S-7.50, S-8.00, S-8.50, S-9.00, S-9.50, S-10.00, S-10.50, S-11.00, S-11.50, S-12.00",Multi-focal,"SEED 1 DAY PURE VIEWSUPPORT RELAXER , 1 Day Multi-focal",10,5,,20,5,,160,20,,,165,32,15,32 pieces of 1 day disposable,HYDROGEL
CLEAR,SEED,GOOD,1 DAY PURE MULTI-STAGE,14,10,1 Day, 1 day disposable,MF,33,C-0.00,"S+5.00, S+4.75, S+4.50, S+4.25, S+4.00, S+3.75, S+3.50, S+3.25, S+3.00, S+2.75, S+2.50, S+2.25, S+2.00, S+1.75, S+1.50, S+1.25, S+1.00, S+0.75, S+0.50, S+0.25, S0.00, S-0.25, S-0.50, S-0.75, S-1.00, S-1.25, S-1.50, S-1.75, S-2.00, S-2.25, S-2.50, S-2.75, S-3.00, S-3.25, S-3.50, S-3.75, S-4.00, S-4.25, S-4.50, S-4.75, S-5.00, S-5.25, S-5.50, S-5.75, S-6.00, S-6.25, S-6.50, S-6.75, S-7.00, S-7.25, S-7.50, S-7.75, S-8.00, S-8.25, S-8.50, S-8.75, S-9.00, S-9.25, S-9.50, S-9.75, S-10.00",Multi-focal,"SEED 1 DAY PURE MULTI-STAGE , 1 Day Multi-focal",10,5,,20,5,,160,20,,,245,32,15,32 pieces of 1 day disposable,HYDROGEL
CLEAR,SEED,GOOD,1 DAY PURE EDOF,3,10,1 Day, 1 day disposable,MF,34,C-0.00,"S+5.00, S+4.75, S+4.50, S+4.25, S+4.00, S+3.75, S+3.50, S+3.25, S+3.00, S+2.75, S+2.50, S+2.25, S+2.00, S+1.75, S+1.50, S+1.25, S+1.00, S+0.75, S+0.50, S+0.25, S0.00, S-0.25, S-0.50, S-0.75, S-1.00, S-1.25, S-1.50, S-1.75, S-2.00, S-2.25, S-2.50, S-2.75, S-3.00, S-3.25, S-3.50, S-3.75, S-4.00, S-4.25, S-4.50, S-4.75, S-5.00, S-5.25, S-5.50, S-5.75, S-6.00, S-6.25, S-6.50, S-6.75, S-7.00, S-7.25, S-7.50, S-7.75, S-8.00, S-8.25, S-8.50, S-8.75, S-9.00, S-9.25, S-9.50, S-9.75, S-10.00, S-10.25, S-10.50, S-10.75, S-11.00, S-11.25, S-11.50, S-11.75, S-12.00",Multi-focal,"SEED 1 DAY PURE EDOF , 1 Day Multi-focal",10,5,,20,5,,160,20,,,255,32,15,32 pieces of 1 day disposable,HYDROGEL
CLEAR,SEED,GOOD,1 DAY PURE TORIC,14,10,1 Day, 1 day disposable,ASTIG,35,none,none,Astigmatism,"SEED 1 DAY PURE TORIC , 1 Day Astigmatism",10,5,,20,5,,160,20,,,185,32,15,32 pieces of 1 day disposable,HYDROGEL
CLEAR,COOPER VISION,GOOD,BIOFINITY,7,10,1 Month, 1 month disposable,SPH,36,C-0.00,"S-0.50, S-0.75, S-1.00, S-1.25, S-1.50, S-1.75, S-2.00, S-2.25, S-2.50, S-2.75, S-3.00, S-3.25, S-3.50, S-3.75, S-4.00, S-4.25, S-4.50, S-4.75, S-5.00, S-5.25, S-5.50, S-5.75, S-6.00, S-6.50, S-7.00, S-7.50, S-8.00, S-8.50, S-9.00, S-9.50, S-10.00, S-10.50, S-11.00, S-11.50, S-12.00",Sphere,"COOPER VISION BIOFINITY , 1 Month Sphere",0,0,,40,10,,160,20,,,75,3,45,3 pieces of 1 month disposable,SILICONE HYDROGEL
CLEAR,COOPER VISION,GOOD,CLARITI,7,10,1 Day, 1 day disposable,SPH,37,C-0.00,"S-0.50, S-0.75, S-1.00, S-1.25, S-1.50, S-1.75, S-2.00, S-2.25, S-2.50, S-2.75, S-3.00, S-3.25, S-3.50, S-3.75, S-4.00, S-4.25, S-4.50, S-4.75, S-5.00, S-5.25, S-5.50, S-5.75, S-6.00, S-6.50, S-7.00, S-7.50, S-8.00, S-8.50, S-9.00, S-9.50, S-10.00, S+0.50, S+0.75, S+1.00, S+1.25, S+1.50, S+1.75, S+2.00, S+2.25, S+2.50, S+2.75, S+3.00, S+3.25, S+3.50, S+3.75, S+4.00, S+4.25, S+4.50, S+4.75, S+5.00, S+5.25, S+5.50, S+5.75, S+6.00, S+6.50, S+7.00, S+7.50, S+8.00",Sphere,"COOPER VISION CLARITI , 1 Day Sphere",0,0,,40,10,,160,20,,,140,30,15,30 pieces of 1 day disposable,SILICONE HYDROGEL
CLEAR,SEED,GOOD,2 WEEKS PURE TORIC,14,8,2 Weeks, 2 weeks disposable,ASTIG,38,none,none,Astigmatism,"SEED 2 WEEKS PURE TORIC , 2 Weeks Astigmatism",10,5,,20,5,,160,20,,,135,6,45,6 pieces of 2 weeks disposable,HYDROGEL
COLOUR,JOHNSON & JOHNSON,PREMIUM,ACUVUE DEFINE - CLASSIC,3,10,1 Day, 1 day disposable,SPH,39,C-0.00,"S-0.50, S-0.75, S-1.00, S-1.25, S-1.50, S-1.75, S-2.00, S-2.25, S-2.50, S-2.75, S-3.00, S-3.25, S-3.50, S-3.75, S-4.00, S-4.25, S-4.50, S-4.75, S-5.00, S-5.25, S-5.50, S-5.75, S-6.00, S-6.50, S-7.00, S-7.50, S-8.00, S-8.50, S-9.00",Sphere,"JOHNSON & JOHNSON ACUVUE DEFINE CLASSIC , 1 Day Sphere",10,5,190,120,30,165,360,45,150,"Buy 2 packs, get 5 extra pieces free. (Max 10 pieces) *While Stock Last",195,30,15,30 pieces of 1 day disposable,HYDROGEL
COLOUR,ALCON,PREMIUM,AIR OPTIX COLOUR ,3,10,1 Month, 1 month disposable,SPH,41,C-0.00,"S+6.00, S+5.75, S+5.50, S+5.25, S+5.00, S+4.75, S+4.50, S+4.25, S+4.00, S+3.75, S+3.50, S+3.25, S+3.00, S+2.75, S+2.50, S+2.25, S+2.00, S+1.75, S+1.50, S+1.25, S+1.00, S+0.75, S+0.50, S+0.25, S0.00, S-0.25, S-0.50, S-0.75, S-1.00, S-1.25, S-1.50, S-1.75, S-2.00, S-2.25, S-2.50, S-2.75, S-3.00, S-3.25, S-3.50, S-3.75, S-4.00, S-4.25, S-4.50, S-4.75, S-5.00, S-5.25, S-5.50, S-5.75, S-6.00, S-6.50, S-7.00, S-7.50, S-8.00",Sphere,"ALCON AIR OPTIX COLOUR  , 1 Month Sphere",10,5,,80,20,,200,25,,,125,2,30,2 pieces of 1 month disposable,SILICONE HYDROGEL
COLOUR,BIONICS,GOOD,1M COLOR SPHERE & TORIC ,3,8,1 Month, 1 month disposable,SPH,42,C-0.00,"S-0.00, S-0.50, S-0.75, S-1.00, S-1.25, S-1.50, S-1.75, S-2.00, S-2.25, S-2.50, S-2.75, S-3.00, S-3.25, S-3.50, S-3.75, S-4.00, S-4.25, S-4.50, S-4.75, S-5.00, S-5.50, S-6.00, S-6.50, S-7.00, S-7.50, S-8.00, S-8.50, S-9.00, S-9.50, S-10.00",Astigmatism,"BIONICS 1M COLOR SPHERE & TORIC  , 1 Month Astigmatism",10,5,,40,10,,80,10,,,140,2,30,2 pieces of 1 month disposable,HYDROGEL
COLOUR,BIONICS,GOOD,1M COLOR SPHERE & TORIC ,3,8,1 Month, 1 month disposable,ASTIG,42,"C-0.75, C-1.25, C-1.75, C-2.25, C-2.75 ; X180","S-0.00, S-0.50, S-0.75, S-1.00, S-1.25, S-1.50, S-1.75, S-2.00, S-2.25, S-2.50, S-2.75, S-3.00, S-3.25, S-3.50, S-3.75, S-4.00, S-4.25, S-4.50, S-4.75, S-5.00, S-5.50, S-6.00, S-6.50, S-7.00, S-7.50, S-8.00, S-8.50, S-9.00, S-9.50, S-10.00",Astigmatism,"BIONICS 1M COLOR SPHERE & TORIC  , 1 Month Astigmatism",10,5,,40,10,,80,10,,,140,2,30,2 pieces of 1 month disposable,HYDROGEL
COLOUR,BIONICS,GOOD,1M COLOR SPHERE & TORIC ,3,8,1 Month, 1 month disposable,ASTIG,42,"C-0.75, C-1.25, C-1.75, C-2.25, C-2.75 ; X20, X160, X90","S-0.00, S-0.50, S-1.00, S-1.50, S-2.00, S-2.50, S-3.00, S-3.50, S-4.00, S-4.50, S-5.00, S-5.50, S-6.00, S-6.50, S-7.00, S-7.50, S-8.00, S-8.50, S-9.00, S-9.50, S-10.00",Astigmatism,"BIONICS 1M COLOR SPHERE & TORIC  , 1 Month Astigmatism",10,5,,40,10,,80,10,,,140,2,30,2 pieces of 1 month disposable,HYDROGEL
COLOUR,BIONICS,BASIC,ICOLORIS PICTORIS,3,6,1 Month, 1 month disposable,SPH,43,C-0.00,"S0.00, S-0.75, S-1.00, S-1.25, S-1.50, S-1.75, S-2.00, S-2.25, S-2.50, S-2.75, S-3.00, S-3.25, S-3.50, S-3.75, S-4.00, S-4.25, S-4.50, S-4.75, S-5.00, S-5.50, S-6.00, S-6.50, S-7.00, S-7.50, S-8.00",Sphere,"BIONICS ICOLORIS PICTORIS , 1 Month Sphere",0,0,,20,5,,80,10,,,40,2,30,2 pieces of 1 month disposable,HYDROGEL
COLOUR,BIONICS,BASIC,ICOLORIS CANDORRA,3,6,1 Month, 1 month disposable,SPH,44,C-0.00,"S0.00, S-0.75, S-1.00, S-1.25, S-1.50, S-1.75, S-2.00, S-2.25, S-2.50, S-2.75, S-3.00, S-3.25, S-3.50, S-3.75, S-4.00, S-4.25, S-4.50, S-4.75, S-5.00, S-5.50, S-6.00, S-6.50, S-7.00, S-7.50, S-8.00",Sphere,"BIONICS ICOLORIS CANDORRA , 1 Month Sphere",0,0,,20,5,,80,10,,,40,2,30,2 pieces of 1 month disposable,HYDROGEL
COLOUR,BIONICS,BASIC,ICOLORIS GALAXY,3,6,1 Month, 1 month disposable,SPH,45,C-0.00,"S0.00, S-0.75, S-1.00, S-1.25, S-1.50, S-1.75, S-2.00, S-2.25, S-2.50, S-2.75, S-3.00, S-3.25, S-3.50, S-3.75, S-4.00, S-4.25, S-4.50, S-4.75, S-5.00, S-5.50, S-6.00, S-6.50, S-7.00, S-7.50, S-8.00",Sphere,"BIONICS ICOLORIS GALAXY , 1 Month Sphere",0,0,,20,5,,80,10,,,40,2,30,2 pieces of 1 month disposable,HYDROGEL
COLOUR,BIONICS,GOOD,BIONICS COLOUR TOUCH ,7,10,1 Month, 1 month disposable,SPH,46,C-0.00,"S0.00, S-0.50, S-0.75, S-1.00, S-1.25, S-1.50, S-1.75, S-2.00, S-2.25, S-2.50, S-2.75, S-3.00, S-3.25, S-3.50, S-3.75, S-4.00, S-4.25, S-4.50, S-4.75, S-5.00, S-5.25, S-5.50, S-6.00, S-6.50, S-7.00, S-7.50, S-8.00",Sphere,"BIONICS BIONICS COLOUR TOUCH  , 1 Month Sphere",0,0,,20,5,,80,10,,,65,2,30,2 pieces of 1 month disposable,HYDROGEL
COLOUR,BIONICS,BASIC,FIRSTLOOK CELEBRITE,3,10,1 Month, 1 month disposable,SPH,47,C-0.00,"S0.00, S-1.00, S-1.25, S-1.50, S-1.75, S-2.00, S-2.25, S-2.50, S-2.75, S-3.00, S-3.25, S-3.50, S-3.75, S-4.00, S-4.25, S-4.50, S-4.75, S-5.00, S-5.50, S-6.00, S-6.50, S-7.00, S-7.50, S-8.00",Sphere,"BIONICS FIRSTLOOK CELEBRITE , 1 Month Sphere",0,0,,20,5,,80,10,,,65,2,30,2 pieces of 1 month disposable,HYDROGEL
COLOUR,BIONICS,PREMIUM,HUERAY,3,12,1 Month, 1 month disposable,SPH,48,C-0.00,"S0.00, S-0.75, S-1.00, S-1.25, S-1.50, S-1.75, S-2.00, S-2.25, S-2.50, S-2.75, S-3.00, S-3.25, S-3.50, S-3.75, S-4.00, S-4.25, S-4.50, S-4.75, S-5.00, S-5.50, S-6.00, S-6.50, S-7.00, S-7.50, S-8.00",Sphere,"BIONICS HUERAY , 1 Month Sphere",0,0,,20,5,,80,10,,,75,2,30,2 pieces of 1 month disposable,SILICONE HYDROGEL
COLOUR,BIONICS,PREMIUM,BLISS,3,12,1 Month, 1 month disposable,SPH,49,C-0.00,"S0.00, S-0.75, S-1.00, S-1.25, S-1.50, S-1.75, S-2.00, S-2.25, S-2.50, S-2.75, S-3.00, S-3.25, S-3.50, S-3.75, S-4.00, S-4.25, S-4.50, S-4.75, S-5.00, S-5.50, S-6.00, S-6.50, S-7.00, S-7.50, S-8.00",Sphere,"BIONICS BLISS , 1 Month Sphere",0,0,,20,5,,80,10,,,85,2,30,2 pieces of 1 month disposable,SILICONE HYDROGEL
COLOUR,BIONICS,PREMIUM,KAORI,3,10,1 Day, 1 day disposable,SPH,50,C-0.00,"S0.00, S-1.00, S-1.25, S-1.50, S-1.75, S-2.00, S-2.25, S-2.50, S-2.75, S-3.00, S-3.25, S-3.50, S-3.75, S-4.00, S-4.25, S-4.50, S-4.75, S-5.00, S-5.25, S-5.50, S-5.75, S-6.00, S-6.50, S-7.00, S-7.50, S-8.00",Sphere,"BIONICS KAORI , 1 Day Sphere",0,0,,20,5,,80,10,,,65,10,5,10 pieces of 1 day disposable,HYDROGEL
COLOUR,BLINCON,BASIC,BB SERIES ,3,8,3 Months, 3 months disposable,SPH,51,C-0.00,"S0.00, S-0.75, S-1.00, S-1.25, S-1.50, S-1.75, S-2.00, S-2.25, S-2.50, S-2.75, S-3.00, S-3.25, S-3.50, S-3.75, S-4.00, S-4.25, S-4.50, S-4.75, S-5.00, S-5.50, S-6.00, S-6.50, S-7.00, S-7.50, S-8.00",Sphere,"BLINCON BB SERIES  , 3 Months Sphere",0,0,,20,5,,80,10,,,65,2,90,2 pieces of 3 months disposable,HYDROGEL
COLOUR,BLINCON,BASIC,BEAUTY SERIES ,3,8,3 Months, 3 months disposable,SPH,52,C-0.00,"S0.00, S-0.75, S-1.00, S-1.25, S-1.50, S-1.75, S-2.00, S-2.25, S-2.50, S-2.75, S-3.00, S-3.25, S-3.50, S-3.75, S-4.00, S-4.25, S-4.50, S-4.75, S-5.00, S-5.50, S-6.00, S-6.50, S-7.00, S-7.50, S-8.00",Sphere,"BLINCON BEAUTY SERIES  , 3 Months Sphere",0,0,,20,5,,80,10,,,65,2,90,2 pieces of 3 months disposable,HYDROGEL
COLOUR,BLINCON,BASIC,CC NATURAL SERIES ,3,8,3 Months, 3 months disposable,SPH,53,C-0.00,"S0.00, S-0.50, S-0.75, S-1.00, S-1.25, S-1.50, S-1.75, S-2.00, S-2.25, S-2.50, S-2.75, S-3.00, S-3.25, S-3.50, S-3.75, S-4.00, S-4.25, S-4.50, S-4.75, S-5.00, S-5.50, S-6.00, S-6.50, S-7.00, S-7.50, S-8.00, S-8.50, S-9.00, S-9.50, S-10.00, S-10.50, S-11.00, S-11.50, S-12.00",Sphere,"BLINCON CC NATURAL SERIES  , 3 Months Sphere",0,0,,20,5,,80,10,,,65,2,90,2 pieces of 3 months disposable,HYDROGEL
COLOUR,BLINCON,BASIC,CC ROMANCE SERIES ,3,8,3 Months, 3 months disposable,SPH,54,C-0.00,"S0.00, S-0.50, S-0.75, S-1.00, S-1.25, S-1.50, S-1.75, S-2.00, S-2.25, S-2.50, S-2.75, S-3.00, S-3.25, S-3.50, S-3.75, S-4.00, S-4.25, S-4.50, S-4.75, S-5.00, S-5.50, S-6.00, S-6.50, S-7.00, S-7.50, S-8.00, S-8.50, S-9.00, S-9.50, S-10.00, S-10.50, S-11.00, S-11.50, S-12.00",Sphere,"BLINCON CC ROMANCE SERIES  , 3 Months Sphere",0,0,,20,5,,80,10,,,65,2,90,2 pieces of 3 months disposable,HYDROGEL
COLOUR,BLINCON,BASIC,BLOSSOM SERIES,3,8,3 Months, 3 months disposable,SPH,55,C-0.00,"S0.00, S-0.75, S-1.00, S-1.25, S-1.50, S-1.75, S-2.00, S-2.25, S-2.50, S-2.75, S-3.00, S-3.25, S-3.50, S-3.75, S-4.00, S-4.25, S-4.50, S-4.75, S-5.00, S-5.50, S-6.00, S-6.50, S-7.00, S-7.50, S-8.00",Sphere,"BLINCON BLOSSOM SERIES , 3 Months Sphere",0,0,,20,5,,80,10,,,65,2,90,2 pieces of 3 months disposable,HYDROGEL
COLOUR,BLINCON,BASIC,BLOSSOM 2 SERIES ,3,8,3 Months, 3 months disposable,SPH,56,C-0.00,"S0.00, S-0.75, S-1.00, S-1.25, S-1.50, S-1.75, S-2.00, S-2.25, S-2.50, S-2.75, S-3.00, S-3.25, S-3.50, S-3.75, S-4.00, S-4.25, S-4.50, S-4.75, S-5.00, S-5.50, S-6.00, S-6.50, S-7.00, S-7.50, S-8.00",Sphere,"BLINCON BLOSSOM 2 SERIES  , 3 Months Sphere",0,0,,20,5,,80,10,,,65,2,90,2 pieces of 3 months disposable,HYDROGEL
COLOUR,BLINCON,BASIC,CLASSIC SERIES,3,8,3 Months, 3 months disposable,SPH,57,C-0.00,"S0.00, S-0.75, S-1.00, S-1.25, S-1.50, S-1.75, S-2.00, S-2.25, S-2.50, S-2.75, S-3.00, S-3.25, S-3.50, S-3.75, S-4.00, S-4.25, S-4.50, S-4.75, S-5.00, S-5.25, S-5.50, S-5.75, S-6.00, S-6.50, S-7.00, S-7.50, S-8.00",Sphere,"BLINCON CLASSIC SERIES , 3 Months Sphere",0,0,,20,5,,80,10,,,65,2,90,2 pieces of 3 months disposable,HYDROGEL
COLOUR,BLINCON,BASIC,ELEGANCE SERIES ,3,8,3 Months, 3 months disposable,SPH,58,C-0.00,"S0.00, S-0.75, S-1.00, S-1.25, S-1.50, S-1.75, S-2.00, S-2.25, S-2.50, S-2.75, S-3.00, S-3.25, S-3.50, S-3.75, S-4.00, S-4.25, S-4.50, S-4.75, S-5.00, S-5.25, S-5.50, S-5.75, S-6.00, S-6.50, S-7.00, S-7.50, S-8.00",Sphere,"BLINCON ELEGANCE SERIES  , 3 Months Sphere",0,0,,20,5,,80,10,,,65,2,90,2 pieces of 3 months disposable,HYDROGEL
COLOUR,BLINCON,BASIC,VIVI SERIES ,3,8,3 Months, 3 months disposable,SPH,59,C-0.00,"S-0.50, S-0.75, S-1.00, S-1.25, S-1.50, S-1.75, S-2.00, S-2.25, S-2.50, S-2.75, S-3.00, S-3.25, S-3.50, S-3.75, S-4.00, S-4.25, S-4.50, S-4.75, S-5.00, S-5.50, S-6.00, S-6.50, S-7.00, S-7.50, S-8.00",Sphere,"BLINCON VIVI SERIES  , 3 Months Sphere",0,0,,20,5,,80,10,,,65,2,90,2 pieces of 3 months disposable,HYDROGEL
COLOUR,BLINCON,BASIC,CLASSIC 2.0 SERIES,7,8,3 Months, 3 months disposable,SPH,60,C-0.00,"S0.00, S-0.50, S-0.75, S-1.00, S-1.25, S-1.50, S-1.75, S-2.00, S-2.25, S-2.50, S-2.75, S-3.00, S-3.25, S-3.50, S-3.75, S-4.00, S-4.25, S-4.50, S-4.75, S-5.00, S-5.50, S-6.00, S-6.50, S-7.00, S-7.50, S-8.00",Sphere,"BLINCON CLASSIC 2.0 SERIES , 3 Months Sphere",0,0,,20,5,,80,10,,,65,2,90,2 pieces of 3 months disposable,HYDROGEL
COLOUR,BLINCON,BASIC,DD SERIES ,3,8,3 Months, 3 months disposable,SPH,61,C-0.00,"S0.00, S-0.75, S-1.00, S-1.25, S-1.50, S-1.75, S-2.00, S-2.25, S-2.50, S-2.75, S-3.00, S-3.25, S-3.50, S-3.75, S-4.00, S-4.25, S-4.50, S-4.75, S-5.00, S-5.50, S-6.00, S-6.50, S-7.00, S-7.50, S-8.00",Sphere,"BLINCON DD SERIES  , 3 Months Sphere",0,0,,20,5,,80,10,,,65,2,90,2 pieces of 3 months disposable,HYDROGEL
COLOUR,BLINCON,BASIC,W SERIES,3,8,3 Months, 3 months disposable,SPH,62,C-0.00,"S0.00, S-0.50, S-0.75, S-1.00, S-1.25, S-1.50, S-1.75, S-2.00, S-2.25, S-2.50, S-2.75, S-3.00, S-3.25, S-3.50, S-3.75, S-4.00, S-4.25, S-4.50, S-4.75, S-5.00, S-5.50, S-6.00, S-6.50, S-7.00, S-7.50, S-8.00",Sphere,"BLINCON W SERIES , 3 Months Sphere",0,0,,20,5,,80,10,,,65,2,90,2 pieces of 3 months disposable,HYDROGEL
COLOUR,BLINCON,GOOD,RX COLOR TORIC,60,8,3 Months, 3 months disposable,SPH,63,C-0.00,"S-0.00, S-0.25, S-0.50, S-0.75, S-1.00, S-1.25, S-1.50, S-1.75, S-2.00, S-2.25, S-2.50, S-2.75, S-3.00, S-3.25, S-3.50, S-3.75, S-4.00, S-4.25, S-4.50, S-4.75, S-5.00, S-5.25, S-5.50, S-5.75, S-6.00, S-6.25, S-6.50, S-6.75, S-7.00, S-7.25, S-7.50, S-7.75, S-8.00, S-8.25, S-8.50, S-8.75, S-9.00, S-9.25, S-9.50, S-9.75, S-10.00",Astigmatism,"BLINCON RX COLOR TORIC , 3 Months Astigmatism",0,0,,20,5,,80,10,,,350,2,90,2 pieces of 3 months disposable,HYDROGEL
COLOUR,BLINCON,GOOD,RX COLOR TORIC,60,8,3 Months, 3 months disposable,ASTIG,63,"C-0.75, C-1.25, C-1.75, C-2.25, C-2.75, C-3.00, C-3.25, C-3.50, C-3.75, C-4.00 ; X10, X20, X30, X40, X50, X60, X70, X80, X90, X100, X110, X120, X130, X140, X150, X160, X170, X180","S-0.00, S-0.25, S-0.50, S-0.75, S-1.00, S-1.25, S-1.50, S-1.75, S-2.00, S-2.25, S-2.50, S-2.75, S-3.00, S-3.25, S-3.50, S-3.75, S-4.00, S-4.25, S-4.50, S-4.75, S-5.00, S-5.25, S-5.50, S-5.75, S-6.00, S-6.25, S-6.50, S-6.75, S-7.00, S-7.25, S-7.50, S-7.75, S-8.00, S-8.25, S-8.50, S-8.75, S-9.00, S-9.25, S-9.50, S-9.75, S-10.00",Astigmatism,"BLINCON RX COLOR TORIC , 3 Months Astigmatism",0,0,,20,5,,80,10,,,350,2,90,2 pieces of 3 months disposable,HYDROGEL
COLOUR,BLINCON,GOOD,1M COLOR SPHERE & TORIC ,7,8,1 Month, 1 month disposable,SPH,64,C-0.00,"S-0.00, S-0.75, S-1.00, S-1.25, S-1.50, S-1.75, S-2.00, S-2.25, S-2.50, S-2.75, S-3.00, S-3.25, S-3.50, S-3.75, S-4.00, S-4.25, S-4.50, S-4.75, S-5.00, S-5.50, S-6.00, S-6.50, S-7.00, S-7.50, S-8.00",Astigmatism,"BLINCON 1M COLOR SPHERE & TORIC  , 1 Month Astigmatism",0,0,,20,5,,80,10,,,140,2,30,2 pieces of 1 month disposable,HYDROGEL
COLOUR,BLINCON,GOOD,1M COLOR SPHERE & TORIC ,7,8,1 Month, 1 month disposable,ASTIG,64,"C-0.75, C-1.25, C-1.75, C-2.25 ; X10, X20, X90, X160, X170, X180","S-0.00, S-0.75, S-1.00, S-1.25, S-1.50, S-1.75, S-2.00, S-2.25, S-2.50, S-2.75, S-3.00, S-3.25, S-3.50, S-3.75, S-4.00, S-4.25, S-4.50, S-4.75, S-5.00, S-5.50, S-6.00, S-6.50, S-7.00, S-7.50, S-8.00",Astigmatism,"BLINCON 1M COLOR SPHERE & TORIC  , 1 Month Astigmatism",0,0,,20,5,,80,10,,,140,2,30,2 pieces of 1 month disposable,HYDROGEL
COLOUR,BLINCON,BASIC,3M COLOR SPHERE & TORIC,14,8,3 Months, 3 months disposable,SPH,65,C-0.00,"S-0.00, S-0.75, S-1.00, S-1.25, S-1.50, S-1.75, S-2.00, S-2.25, S-2.50, S-2.75, S-3.00, S-3.25, S-3.50, S-3.75, S-4.00, S-4.25, S-4.50, S-4.75, S-5.00, S-5.50, S-6.00, S-6.50, S-7.00, S-7.50, S-8.00",Astigmatism,"BLINCON 3M COLOR SPHERE & TORIC , 3 Months Astigmatism",0,0,,20,5,,80,10,,,270,2,90,2 pieces of 3 months disposable,HYDROGEL
COLOUR,BLINCON,BASIC,3M COLOR SPHERE & TORIC,14,8,3 Months, 3 months disposable,ASTIG,65,"C-1.00, C-1.50, C-2.00, C-2.50 ; X10, X20, X80, X90, X100, X160, X170, X180","S-0.00, S-0.75, S-1.00, S-1.25, S-1.50, S-1.75, S-2.00, S-2.25, S-2.50, S-2.75, S-3.00, S-3.25, S-3.50, S-3.75, S-4.00, S-4.25, S-4.50, S-4.75, S-5.00, S-5.50, S-6.00, S-6.50, S-7.00, S-7.50, S-8.00",Astigmatism,"BLINCON 3M COLOR SPHERE & TORIC , 3 Months Astigmatism",0,0,,20,5,,80,10,,,270,2,90,2 pieces of 3 months disposable,HYDROGEL
COLOUR,SEED,GOOD,EYE COFFRET RICH TORIC COLOUR,3,10,1 Day, 1 day disposable,ASTIG,66,"C-0.75, C-1.25 ; X180","S-0.00, S-0.50, S-0.75, S-1.00, S-1.25, S-1.50, S-1.75, S-2.00, S-2.25, S-2.50, S-2.75, S-3.00, S-3.25, S-3.50, S-3.75, S-4.00, S-4.25, S-4.50, S-4.75, S-5.00, S-5.25, S-5.50, S-5.75, S-6.00, S-6.50, S-7.00, S-7.50, S-8.00",Astigmatism,"SEED EYE COFFRET RICH TORIC COLOUR , 1 Day Astigmatism",10,5,,20,5,,160,20,,,100,10,5,10 pieces of 1 day disposable,HYDROGEL
COLOUR,SEED,GOOD,MONTHLY COLOR LENS UV ,3,8,1 Month, 1 month disposable,SPH,67,C-0.00,"S0.00, S-1.00, S-1.25, S-1.50, S-1.75, S-2.00, S-2.25, S-2.50, S-2.75, S-3.00, S-3.25, S-3.50, S-3.75, S-4.00, S-4.25, S-4.50, S-4.75, S-5.00, S-5.25, S-5.50, S-5.75, S-6.00, S-6.25, S-6.50, S-6.75, S-7.00, S-7.25, S-7.50, S-7.75, S-8.00",Sphere,"SEED MONTHLY COLOR LENS UV  , 1 Month Sphere",10,5,,20,5,,160,20,,,75,2,30,2 pieces of 1 month disposable,HYDROGEL
COLOUR,SEED,GOOD,EYE COFFRET RICH TORIC COLOUR,3,10,1 Day, 1 day disposable,ASTIG,68,"C-0.75, C-1.25 ; X180","S-0.00, S-0.50, S-0.75, S-1.00, S-1.25, S-1.50, S-1.75, S-2.00, S-2.25, S-2.50, S-2.75, S-3.00, S-3.25, S-3.50, S-3.75, S-4.00, S-4.25, S-4.50, S-4.75, S-5.00, S-5.25, S-5.50, S-5.75, S-6.00, S-6.50, S-7.00, S-7.50, S-8.00",Astigmatism,"SEED EYE COFFRET RICH TORIC COLOUR , 1 Day Astigmatism",10,5,,20,5,,160,20,,,220,30,15,30 pieces of 1 day disposable,HYDROGEL
COLOUR,BIONICS,BASIC,3M COLOR SPHERE & TORIC,7,8,3 Months, 3 months disposable,SPH,69,C-0.00,"S-0.00, S-0.50, S-0.75, S-1.00, S-1.25, S-1.50, S-1.75, S-2.00, S-2.25, S-2.50, S-2.75, S-3.00, S-3.25, S-3.50, S-3.75, S-4.00, S-4.25, S-4.50, S-4.75, S-5.00, S-5.50, S-6.00, S-6.50, S-7.00, S-7.50, S-8.00",Astigmatism,"BIONICS 3M COLOR SPHERE & TORIC , 3 Months Astigmatism",10,5,,40,10,,80,10,,,220,2,90,2 pieces of 3 months disposable,HYDROGEL
COLOUR,BIONICS,BASIC,3M COLOR SPHERE & TORIC,7,8,3 Months, 3 months disposable,ASTIG,69,"C-0.75, C-1.25, C-1.75, C-2.25 ; X180","S-0.00, S-0.50, S-0.75, S-1.00, S-1.25, S-1.50, S-1.75, S-2.00, S-2.25, S-2.50, S-2.75, S-3.00, S-3.25, S-3.50, S-3.75, S-4.00, S-4.25, S-4.50, S-4.75, S-5.00, S-5.50, S-6.00, S-6.50, S-7.00, S-7.50, S-8.00",Astigmatism,"BIONICS 3M COLOR SPHERE & TORIC , 3 Months Astigmatism",10,5,,40,10,,80,10,,,220,2,90,2 pieces of 3 months disposable,HYDROGEL
COLOUR,BIONICS,BASIC,3M COLOR SPHERE & TORIC,7,8,3 Months, 3 months disposable,ASTIG,69,"C-0.75, C-1.25, C-1.75, C-2.25 ; X10, X170","S-0.00, S-0.50, S-1.00, S-1.50, S-2.00, S-2.50, S-3.00, S-3.50, S-4.00, S-4.50, S-5.00, S-5.50, S-6.00, S-6.50, S-7.00, S-7.50, S-8.00",Astigmatism,"BIONICS 3M COLOR SPHERE & TORIC , 3 Months Astigmatism",10,5,,40,10,,80,10,,,220,2,90,2 pieces of 3 months disposable,HYDROGEL
CLEAR,ALCON,PREMIUM,TOTAL 30,3,12,1 Month, 1 month disposable,MF,70,"+LOW, +MED, +HIGH","S+6.00, S+5.75, S+5.50, S+5.25, S+5.00, S+4.75, S+4.50, S+4.25, S+4.00, S+3.75, S+3.50, S+3.25, S+3.00, S+2.75, S+2.50, S+2.25, S+2.00, S+1.75, S+1.50, S+1.25, S+1.00, S+0.75, S+0.50, S+0.25, S0.00, S-0.25, S-0.50, S-0.75, S-1.00, S-1.25, S-1.50, S-1.75, S-2.00, S-2.25, S-2.50, S-2.75, S-3.00, S-3.25, S-3.50, S-3.75, S-4.00, S-4.25, S-4.50, S-4.75, S-5.00, S-5.25, S-5.50, S-5.75, S-6.00, S-6.25, S-6.50, S-6.75, S-7.00, S-7.25, S-7.50, S-7.75, S-8.00, S-8.25, S-8.50, S-8.75, S-9.00, S-9.25, S-9.50, S-9.75, S-10.00",Multi-focal,"ALCON TOTAL 30 , 1 Month Multi-focal",10,5,,60,15,,160,20,,Scan Alcon QR for more Promo,235,3,45,3 pieces of 1 month disposable,HYDROGEL
CLEAR,JOHNSON & JOHNSON,PREMIUM,ACUVUE VITA LOOSE LENS,3,12,1 Month, 1 month disposable,SPH,72,C-0.00,"S+0.50, S+0.75, S+1.00, S+1.25, S+1.50, S+1.75, S+2.00, S+2.25, S+2.50, S+2.75, S+3.00, S+3.25, S+3.50, S+3.75, S+4.00, S+4.25, S+4.50, S+4.75, S+5.00, S+5.25, S+5.50, S+5.75, S+6.00, S-0.50, S-0.75, S-1.00, S-1.25, S-1.50, S-1.75, S-2.00, S-2.25, S-2.50, S-2.75, S-3.00, S-3.25, S-3.50, S-3.75, S-4.00, S-4.25, S-4.50, S-4.75, S-5.00, S-5.25, S-5.50, S-5.75, S-6.00, S-6.50, S-7.00, S-7.50, S-8.00, S-8.50, S-9.00, S-9.50, S-10.00, S-10.50, S-11.00, S-11.50, S-12.00, S+6.50, S+7.00, S+7.50, S+8.00",Sphere,"JOHNSON & JOHNSON ACUVUE VITA LOOSE LENS , 1 Month Sphere",10,5,70,20,5,70,120,15,60,Limited Availability. Can mix RX. Delivery may delay up to 2 months.,75,2,30,2 pieces of 1 month disposable,SILICONE HYDROGEL
COLOUR,JOHNSON & JOHNSON,PREMIUM,ACUVUE DEFINE LOOSE LENS ,3,10,1 Day, 1 day disposable,SPH,73,C-0.00,"S-0.50, S-0.75, S-1.00, S-1.25, S-1.50, S-1.75, S-2.00, S-2.25, S-2.50, S-2.75, S-3.00, S-3.25, S-3.50, S-3.75, S-4.00, S-4.25, S-4.50, S-4.75, S-5.00, S-5.25, S-5.50, S-5.75, S-6.00, S-6.50, S-7.00, S-7.50, S-8.00, S-8.50, S-9.00",Sphere,"JOHNSON & JOHNSON ACUVUE DEFINE LIMITED LOOSE LENS  , 1 Day Sphere",10,5,75,20,5,75,120,15,65,Limited Availability. Can mix RX. Delivery may delay up to 2 months.,80,10,5,10 pieces of 1 day disposable,HYDROGEL
CLEAR,JOHNSON & JOHNSON,PREMIUM,ACUVUE OASYS HYDRALUXE LOOSE LENS ,3,16,1 Day, 1 day disposable,SPH,74,C-0.00,"S-0.50, S-0.75, S-1.00, S-1.25, S-1.50, S-1.75, S-2.00, S-2.25, S-2.50, S-2.75, S-3.00, S-3.25, S-3.50, S-3.75, S-4.00, S-4.25, S-4.50, S-4.75, S-5.00, S-5.25, S-5.50, S-5.75, S-6.00, S-6.50, S-7.00, S-7.50, S-8.00, S-8.50, S-9.00, S-9.50, S-10.00, S-10.50, S-11.00, S-11.50, S-12.00",Sphere,"JOHNSON & JOHNSON ACUVUE OASYS HYDRALUXE LOOSE LENS  , 1 Day Sphere",10,5,75,20,5,75,120,15,65,Limited Availability. Can mix RX. Delivery may delay up to 2 months.,80,10,5,10 pieces of 1 day disposable,SILICONE HYDROGEL
CLEAR,JOHNSON & JOHNSON,PREMIUM,ACUVUE OASYS HYDRACLEAR LOOSE LENS,3,12,2 Weeks, 2 weeks disposable,SPH,75,C-0.00,"S+0.50, S+0.75, S+1.00, S+1.25, S+1.50, S+1.75, S+2.00, S+2.25, S+2.50, S+2.75, S+3.00, S+3.25, S+3.50, S+3.75, S+4.00, S+4.25, S+4.50, S+4.75, S+5.00, S+5.25, S+5.50, S+5.75, S+6.00, S-0.50, S-0.75, S-1.00, S-1.25, S-1.50, S-1.75, S-2.00, S-2.25, S-2.50, S-2.75, S-3.00, S-3.25, S-3.50, S-3.75, S-4.00, S-4.25, S-4.50, S-4.75, S-5.00, S-5.25, S-5.50, S-5.75, S-6.00, S-6.50, S-7.00, S-7.50, S-8.00, S-8.50, S-9.00, S-9.50, S-10.00, S-10.50, S-11.00, S-11.50, S-12.00, S+6.50, S+7.00, S+7.50, S+8.00",Sphere,"JOHNSON & JOHNSON ACUVUE OASYS HYDRACLEAR LOOSE LENS , 2 Weeks Sphere",10,5,55,20,5,55,120,15,45,Limited Availability. Can mix RX. Delivery may delay up to 2 months.,60,2,14,2 pieces of 2 weeks disposable,SILICONE HYDROGEL
CLEAR,JOHNSON & JOHNSON,PREMIUM,ACUVUE VITA LOOSE LENS,3,12,1 Month, 1 month disposable,ASTIG,76,"C-0.75, C-1.25, C-1.75 ; X10, X20, X30, X40, X50, X60, X70, X80, X90, X100, X110, X120, X130, X140, X150, X160, X170, X180","S-0.00, S-0.25, S-0.50, S-0.75, S-1.00, S-1.25, S-1.50, S-1.75, S-2.00, S-2.25, S-2.50, S-2.75, S-3.00, S-3.25, S-3.50, S-3.75, S-4.00, S-4.25, S-4.50, S-4.75, S-5.00, S-5.25, S-5.50, S-5.75, S-6.00",Astigmatism,"JOHNSON & JOHNSON ACUVUE VITA LOOSE LENS , 1 Month Astigmatism",10,5,85,20,5,85,120,15,75,Limited Availability. Can mix RX. Delivery may delay up to 2 months.,90,2,30,2 pieces of 1 month disposable,SILICONE HYDROGEL
CLEAR,JOHNSON & JOHNSON,PREMIUM,ACUVUE VITA LOOSE LENS,3,12,1 Month, 1 month disposable,ASTIG,76,"C-2.25 ; X10, X20, X70, X80, X90, X100, X110, X160, X170, X180","S-0.00, S-0.25, S-0.50, S-0.75, S-1.00, S-1.25, S-1.50, S-1.75, S-2.00, S-2.25, S-2.50, S-2.75, S-3.00, S-3.25, S-3.50, S-3.75, S-4.00, S-4.25, S-4.50, S-4.75, S-5.00, S-5.25, S-5.50, S-5.75, S-6.00",Astigmatism,"JOHNSON & JOHNSON ACUVUE VITA LOOSE LENS , 1 Month Astigmatism",10,5,85,20,5,85,120,15,75,Limited Availability. Can mix RX. Delivery may delay up to 2 months.,90,2,30,2 pieces of 1 month disposable,SILICONE HYDROGEL
CLEAR,JOHNSON & JOHNSON,PREMIUM,ACUVUE VITA LOOSE LENS,3,12,1 Month, 1 month disposable,ASTIG,76,"C-0.75, C-1.25, C-1.75 ; X10, X20, X70, X80, X90, X100, X110, X160, X170, X180","S-6.50, S-7.00, S-7.50, S-8.00, S-8.50, S-9.00, S+0.25, S+0.50, S+0.75, S+1.00, S+1.25, S+1.50, S+1.75, S+2.00, S+2.25, S+2.50, S+2.75, S+3.00, S+3.25, S+3.50, S+3.75, S+4.00",Astigmatism,"JOHNSON & JOHNSON ACUVUE VITA LOOSE LENS , 1 Month Astigmatism",10,5,85,20,5,85,120,15,75,Limited Availability. Can mix RX. Delivery may delay up to 2 months.,90,2,30,2 pieces of 1 month disposable,SILICONE HYDROGEL
CLEAR,JOHNSON & JOHNSON,PREMIUM,ACUVUE MOIST LOOSE LENS,3,12,1 Day, 1 day disposable,MF,78,"+LOW, +MED, +HIGH","S-0.00, S-0.25, S-0.50, S-0.75, S-1.00, S-1.25, S-1.50, S-1.75, S-2.00, S-2.25, S-2.50, S-2.75, S-3.00, S-3.25, S-3.50, S-3.75, S-4.00, S-4.25, S-4.50, S-4.75, S-5.00, S-5.25, S-5.50, S-5.75, S-6.00, S-6.25, S-6.50, S-6.75, S-7.00, S-7.25, S-7.50, S-7.75, S-8.00, S-8.25, S-8.50, S-8.75, S-9.00, S+0.25, S+0.50, S+0.75, S+1.00, S+1.25, S+1.50, S+1.75, S+2.00, S+2.25, S+2.50, S+2.75, S+3.00, S+3.25, S+3.50, S+3.75, S+4.00, S+4.25, S+4.50, S+4.75, S+5.00, S+5.25, S+5.50, S+5.75, S+6.00",Multi-focal,"JOHNSON & JOHNSON ACUVUE MOIST LOOSE LENS , 1 Day Multi-focal",10,5,85,20,5,85,120,15,75,Limited Availability. Can mix RX. Delivery may delay up to 2 months.,90,10,5,10 pieces of 1 day disposable,HYDROGEL
CLEAR,JOHNSON & JOHNSON,PREMIUM,ACUVUE OASYS HYDRALUXE LOOSE LENS ,3,16,1 Day, 1 day disposable,ASTIG,79,"C-0.75, C-1.25, C-1.75 ; X10, X20, X70, X80, X90, X100, X110, X160, X170, X180","S+0.25, S+0.50, S+0.75, S+1.00, S+1.25, S+1.50, S+1.75, S+2.00, S+2.25, S+2.50, S+2.75, S+3.00, S+3.25, S+3.50, S+3.75, S+4.00",Astigmatism,"JOHNSON & JOHNSON ACUVUE OASYS HYDRALUXE LOOSE LENS  , 1 Day Astigmatism",10,5,85,20,5,85,120,15,75,Limited Availability. Can mix RX. Delivery may delay up to 2 months.,90,10,5,10 pieces of 1 day disposable,SILICONE HYDROGEL
CLEAR,JOHNSON & JOHNSON,PREMIUM,ACUVUE OASYS HYDRALUXE LOOSE LENS ,3,16,1 Day, 1 day disposable,ASTIG,79,"C-0.75, C-1.25, C-175 ; X10, X20, X30, X40, X50, X60, X70, X80, X90, X100, X110, X120, X130, X140, X150, X160, X170, X180","S-0.00, S-0.25, S-0.50, S-0.75, S-1.00, S-1.25, S-1.50, S-1.75, S-2.00, S-2.25, S-2.50, S-2.75, S-3.00, S-3.25, S-3.50, S-3.75, S-4.00, S-4.25, S-4.50, S-4.75, S-5.00, S-5.25, S-5.50, S-5.75, S-6.00",Astigmatism,"JOHNSON & JOHNSON ACUVUE OASYS HYDRALUXE LOOSE LENS  , 1 Day Astigmatism",10,5,85,20,5,85,120,15,75,Limited Availability. Can mix RX. Delivery may delay up to 2 months.,90,10,5,10 pieces of 1 day disposable,SILICONE HYDROGEL
CLEAR,JOHNSON & JOHNSON,PREMIUM,ACUVUE OASYS HYDRALUXE LOOSE LENS ,3,16,1 Day, 1 day disposable,ASTIG,79,"C-2.25 ; X10, X20, X70, X80, X90, X100, X110, X160, X170, X180","S-0.00, S-0.25, S-0.50, S-0.75, S-1.00, S-1.25, S-1.50, S-1.75, S-2.00, S-2.25, S-2.50, S-2.75, S-3.00, S-3.25, S-3.50, S-3.75, S-4.00, S-4.25, S-4.50, S-4.75, S-5.00, S-5.25, S-5.50, S-5.75, S-6.00",Astigmatism,"JOHNSON & JOHNSON ACUVUE OASYS HYDRALUXE LOOSE LENS  , 1 Day Astigmatism",10,5,85,20,5,85,120,15,75,Limited Availability. Can mix RX. Delivery may delay up to 2 months.,90,10,5,10 pieces of 1 day disposable,SILICONE HYDROGEL
CLEAR,JOHNSON & JOHNSON,PREMIUM,ACUVUE OASYS HYDRALUXE LOOSE LENS ,3,16,1 Day, 1 day disposable,ASTIG,79,"C-0.75, C-1.25, C-1.75 ; X10, X20, X70, X80, X90, X100, X110, X160, X170, X180","S-6.50, S-7.00, S-7.50, S-8.00, S-8.50, S-9.00",Astigmatism,"JOHNSON & JOHNSON ACUVUE OASYS HYDRALUXE LOOSE LENS  , 1 Day Astigmatism",10,5,85,20,5,85,120,15,75,Limited Availability. Can mix RX. Delivery may delay up to 2 months.,90,10,5,10 pieces of 1 day disposable,SILICONE HYDROGEL
CLEAR,JOHNSON & JOHNSON,PREMIUM,ACUVUE OASYS HYDRACLEAR LOOSE LENS,3,12,2 Weeks, 2 weeks disposable,ASTIG,80,"C-0.75, C-1.25, C-1.75 ; X10, X20, X70, X80, X90, X100, X110, X160, X170, X180","S+0.25, S+0.50, S+0.75, S+1.00, S+1.25, S+1.50, S+1.75, S+2.00, S+2.25, S+2.50, S+2.75, S+3.00, S+3.25, S+3.50, S+3.75, S+4.00, S+4.25, S+4.50, S+4.75, S+5.00, S+5.25, S+5.50, S+5.75, S+6.00",Astigmatism,"JOHNSON & JOHNSON ACUVUE OASYS HYDRACLEAR LOOSE LENS , 2 Weeks Astigmatism",10,5,70,20,5,70,120,15,60,Limited Availability. Can mix RX. Delivery may delay up to 2 months.,75,2,14,2 pieces of 2 weeks disposable,SILICONE HYDROGEL
CLEAR,JOHNSON & JOHNSON,PREMIUM,ACUVUE OASYS HYDRACLEAR LOOSE LENS,3,12,2 Weeks, 2 weeks disposable,ASTIG,80,"C-0.75, C-1.25, C-175 ; X10, X20, X30, X40, X50, X60, X70, X80, X90, X100, X110, X120, X130, X140, X150, X160, X170, X180","S-0.00, S-0.25, S-0.50, S-0.75, S-1.00, S-1.25, S-1.50, S-1.75, S-2.00, S-2.25, S-2.50, S-2.75, S-3.00, S-3.25, S-3.50, S-3.75, S-4.00, S-4.25, S-4.50, S-4.75, S-5.00, S-5.25, S-5.50, S-5.75, S-6.00",Astigmatism,"JOHNSON & JOHNSON ACUVUE OASYS HYDRACLEAR LOOSE LENS , 2 Weeks Astigmatism",10,5,70,20,5,70,120,15,60,Limited Availability. Can mix RX. Delivery may delay up to 2 months.,75,2,14,2 pieces of 2 weeks disposable,SILICONE HYDROGEL
CLEAR,JOHNSON & JOHNSON,PREMIUM,ACUVUE OASYS HYDRACLEAR LOOSE LENS,3,12,2 Weeks, 2 weeks disposable,ASTIG,80,"C-2.25, C-2.75 ; X10, X20, X70, X80, X90, X100, X110, X160, X170, X180","S-0.00, S-0.25, S-0.50, S-0.75, S-1.00, S-1.25, S-1.50, S-1.75, S-2.00, S-2.25, S-2.50, S-2.75, S-3.00, S-3.25, S-3.50, S-3.75, S-4.00, S-4.25, S-4.50, S-4.75, S-5.00, S-5.25, S-5.50, S-5.75, S-6.00",Astigmatism,"JOHNSON & JOHNSON ACUVUE OASYS HYDRACLEAR LOOSE LENS , 2 Weeks Astigmatism",10,5,70,20,5,70,120,15,60,Limited Availability. Can mix RX. Delivery may delay up to 2 months.,75,2,14,2 pieces of 2 weeks disposable,SILICONE HYDROGEL
CLEAR,JOHNSON & JOHNSON,PREMIUM,ACUVUE OASYS HYDRACLEAR LOOSE LENS,3,12,2 Weeks, 2 weeks disposable,ASTIG,80,"C-0.75, C-1.25 ; X10, X20, X30, X40, X50, X60, X70, X80, X90, X100, X110, X120, X130, X140, X150, X160, X170, X180","S-6.50, S-7.00, S-7.50, S-8.00, S-8.50, S-9.00",Astigmatism,"JOHNSON & JOHNSON ACUVUE OASYS HYDRACLEAR LOOSE LENS , 2 Weeks Astigmatism",10,5,70,20,5,70,120,15,60,Limited Availability. Can mix RX. Delivery may delay up to 2 months.,75,2,14,2 pieces of 2 weeks disposable,SILICONE HYDROGEL
CLEAR,JOHNSON & JOHNSON,PREMIUM,ACUVUE OASYS HYDRACLEAR LOOSE LENS,3,12,2 Weeks, 2 weeks disposable,ASTIG,80,"C-1.75, C-2.25, C-2.75 ; X10, X20, X160, X170, X180","S-6.50, S-7.00, S-7.50, S-8.00, S-8.50, S-9.00",Astigmatism,"JOHNSON & JOHNSON ACUVUE OASYS HYDRACLEAR LOOSE LENS , 2 Weeks Astigmatism",10,5,70,20,5,70,120,15,60,Limited Availability. Can mix RX. Delivery may delay up to 2 months.,75,2,14,2 pieces of 2 weeks disposable,SILICONE HYDROGEL
COLOUR,JOHNSON & JOHNSON,PREMIUM,ACUVUE DEFINE SHEER - DREAM / ALLURE,3,10,1 Day, 1 day disposable,SPH,81,C-0.00,"S-0.50, S-0.75, S-1.00, S-1.25, S-1.50, S-1.75, S-2.00, S-2.25, S-2.50, S-2.75, S-3.00, S-3.25, S-3.50, S-3.75, S-4.00, S-4.25, S-4.50, S-4.75, S-5.00, S-5.25, S-5.50, S-5.75, S-6.00, S-6.50, S-7.00, S-7.50, S-8.00, S-8.50, S-9.00",Sphere,"JOHNSON & JOHNSON ACUVUE DEFINE SHEER - DREAM / ALLURE , 1 Day Sphere",10,5,190,120,30,165,280,35,160,"Buy 2 packs, get 5 extra pieces free. (Max 10 pieces) *While Stock Last",195,30,15,30 pieces of 1 day disposable,HYDROGEL
COLOUR,SEED,GOOD,"EYE COFFRET (Stable, good for dry eye)",3,10,1 Day, 1 day disposable,SPH,82,C-0.00,"S+3.00, S+2.50, S+2.00, S+1.50, S+1.00, S+0.50, S-0.00, S-1.00, S-1.25, S-1.50, S-1.75, S-2.00, S-2.25, S-2.50, S-2.75, S-3.00, S-3.25, S-3.50, S-3.75, S-4.00, S-4.25, S-4.50, S-4.75, S-5.00, S-5.25, S-5.50, S-5.75, S-6.00, S-6.50, S-7.00, S-7.50, S-8.00",Sphere,"SEED EYE COFFRET (Stable, good for dry eye) , 1 Day Sphere",10,5,,20,10,,160,10,,,85,10,5,10 pieces of 1 day disposable,HYDROGEL
COLOUR,JOHNSON & JOHNSON,PREMIUM,ACUVUE DEFINE FRESH,3,10,1 Day, 1 day disposable,SPH,83,C-0.00,"S-0.50, S-0.75, S-1.00, S-1.25, S-1.50, S-1.75, S-2.00, S-2.25, S-2.50, S-2.75, S-3.00, S-3.25, S-3.50, S-3.75, S-4.00, S-4.25, S-4.50, S-4.75, S-5.00, S-5.25, S-5.50, S-5.75, S-6.00, S-6.50, S-7.00, S-7.50, S-8.00, S-8.50, S-9.00",Sphere,"JOHNSON & JOHNSON ACUVUE DEFINE FRESH , 1 Day Sphere",10,5,190,120,30,165,280,35,160,"Buy 2 packs, get 5 extra pieces free. (Max 10 pieces) *While Stock Last",195,30,15,30 pieces of 1 day disposable,HYDROGEL
COLOUR,ALCON,GOOD,FRESHLOOK ONE DAY,3,10,1 Day,1 day disposable,SPH,84,C-0.00,"S0.00, S-0.50, S-0.75, S-1.00, S-1.25, S-1.50, S-1.75, S-2.00, S-2.25, S-2.50, S-2.75, S-3.00, S-3.25, S-3.50, S-3.75, S-4.00, S-4.25, S-4.50, S-4.75, S-5.00, S-5.25, S-5.50, S-5.75, S-6.00, S-6.50, S-7.00, S-7.50, S-8.00",Sphere,"ALCON FRESHLOOK ONE DAY , 1 Day Sphere",10,5,,20,5,,160,20,,,75,10,5,10 pieces of 1 day disposable,HYDROGEL
COLOUR,ALCON,GOOD,FRESHLOOK CC CIRCLE + COLOUR,3,10,1 Day,1 day disposable,SPH,85,C-0.00,"S0.00, S-0.50, S-0.75, S-1.00, S-1.25, S-1.50, S-1.75, S-2.00, S-2.25, S-2.50, S-2.75, S-3.00, S-3.25, S-3.50, S-3.75, S-4.00, S-4.25, S-4.50, S-4.75, S-5.00, S-5.25, S-5.50, S-5.75, S-6.00, S-6.50, S-7.00, S-7.50, S-8.00",Sphere,"ALCON FRESHLOOK CC  , 1 Day Sphere",10,5,,20,5,,160,20,,,75,10,5,10 pieces of 1 day disposable,HYDROGEL
COLOUR,ALCON,GOOD,FRESHLOOK ILLUMINATE,3,10,1 Day,1 day disposable,SPH,86,C-0.00,"S0.00, S-0.50, S-0.75, S-1.00, S-1.25, S-1.50, S-1.75, S-2.00, S-2.25, S-2.50, S-2.75, S-3.00, S-3.25, S-3.50, S-3.75, S-4.00, S-4.25, S-4.50, S-4.75, S-5.00, S-5.25, S-5.50, S-5.75, S-6.00, S-6.50, S-7.00, S-7.50, S-8.00",Sphere,"ALCON FRESHLOOK ILLUMINATE  , 1 Day Sphere",10,5,,20,5,,160,20,,,75,10,5,10 pieces of 1 day disposable,HYDROGEL
CLEAR,BIONICS,GOOD,MOISVUE MONTHLY,3,8,1 Month, 1 month disposable,SPH,87,C-0.00,"S-0.75, S-1.00, S-1.25, S-1.50, S-1.75, S-2.00, S-2.25, S-2.50, S-2.75, S-3.00, S-3.25, S-3.50, S-3.75, S-4.00, S-4.25, S-4.50, S-4.75, S-5.00, S-5.25, S-5.50, S-5.75, S-6.00, S-6.50, S-7.00, S-7.50, S-8.00, S-8.50, S-9.00, S-9.50, S-10.00, S-10.50, S-11.00, S-11.50, S-12.00",Sphere,"BIONICS MOISVUE MONTHLY , 1 Month Sphere",10,5,,20,5,,80,10,,,50,2,30,2 pieces of 1 month disposable,SILICONE HYDROGEL
